"site.id","lat","lon","day","month","year","survey.conducted","survey.id","data.type","pass.id","individual.id","time.to.detect","date","survey.pass","species","age","count"
66,42.425307,-72.392076,4,8,2019,1,66,"count",1,NA,NA,"8/4/2019","66_1","DFUS","NR",0
66,42.425307,-72.392076,4,8,2019,1,66,"count",1,NA,NA,"8/4/2019","66_1","EBIS","NR",29
66,42.425307,-72.392076,4,8,2019,1,66,"count",1,NA,NA,"8/4/2019","66_1","GPOR","NR",0
61,42.41759,-72.77524,4,7,2019,1,61,"count",1,NA,NA,"7/4/2019","61_1","DFUS","NR",1
61,42.41759,-72.77524,4,7,2019,1,61,"count",1,NA,NA,"7/4/2019","61_1","EBIS","NR",7
61,42.41759,-72.77524,4,7,2019,1,61,"count",1,NA,NA,"7/4/2019","61_1","GPOR","NR",0
63,42.42163,-72.7664,24,7,2019,1,63,"count",1,NA,NA,"7/24/2019","63_1","DFUS","NR",3
63,42.42163,-72.7664,24,7,2019,1,63,"count",1,NA,NA,"7/24/2019","63_1","EBIS","NR",8
63,42.42163,-72.7664,24,7,2019,1,63,"count",1,NA,NA,"7/24/2019","63_1","GPOR","NR",0
27,42.1844,-73.3236,18,9,2019,1,27,"count",1,NA,NA,"9/18/2019","27_1","DFUS","NR",1
27,42.1844,-73.3236,18,9,2019,1,27,"count",1,NA,NA,"9/18/2019","27_1","EBIS","NR",1
27,42.1844,-73.3236,18,9,2019,1,27,"count",1,NA,NA,"9/18/2019","27_1","GPOR","NR",1
25,42.1834,-73.3245,27,9,2019,1,25,"count",1,NA,NA,"9/27/2019","25_1","DFUS","NR",1
25,42.1834,-73.3245,27,9,2019,1,25,"count",1,NA,NA,"9/27/2019","25_1","EBIS","NR",2
25,42.1834,-73.3245,27,9,2019,1,25,"count",1,NA,NA,"9/27/2019","25_1","GPOR","NR",1
24,42.1828,-73.3253,29,9,2019,1,24,"count",1,NA,NA,"9/29/2019","24_1","DFUS","NR",0
24,42.1828,-73.3253,29,9,2019,1,24,"count",1,NA,NA,"9/29/2019","24_1","EBIS","NR",0
24,42.1828,-73.3253,29,9,2019,1,24,"count",1,NA,NA,"9/29/2019","24_1","GPOR","NR",0
23,42.182361,-73.325197,30,9,2019,1,23,"count",1,NA,NA,"9/30/2019","23_1","DFUS","NR",1
23,42.182361,-73.325197,30,9,2019,1,23,"count",1,NA,NA,"9/30/2019","23_1","EBIS","NR",3
23,42.182361,-73.325197,30,9,2019,1,23,"count",1,NA,NA,"9/30/2019","23_1","GPOR","NR",0
26,42.183453,-73.324592,25,9,2019,1,26,"count",1,NA,NA,"9/25/2019","26_1","DFUS","NR",0
26,42.183453,-73.324592,25,9,2019,1,26,"count",1,NA,NA,"9/25/2019","26_1","EBIS","NR",0
26,42.183453,-73.324592,25,9,2019,1,26,"count",1,NA,NA,"9/25/2019","26_1","GPOR","NR",0
31,42.2389,-73.343,1,10,2019,1,31,"count",1,NA,NA,"10/1/2019","31_1","DFUS","NR",1
31,42.2389,-73.343,1,10,2019,1,31,"count",1,NA,NA,"10/1/2019","31_1","EBIS","NR",1
31,42.2389,-73.343,1,10,2019,1,31,"count",1,NA,NA,"10/1/2019","31_1","GPOR","NR",0
29,42.2342,-73.3419,15,9,2019,1,29,"count",1,NA,NA,"9/15/2019","29_1","DFUS","NR",7
29,42.2342,-73.3419,15,9,2019,1,29,"count",1,NA,NA,"9/15/2019","29_1","EBIS","NR",1
29,42.2342,-73.3419,15,9,2019,1,29,"count",1,NA,NA,"9/15/2019","29_1","GPOR","NR",0
54,42.3909,-72.4327,22,9,2019,1,54,"count",1,NA,NA,"9/22/2019","54_1","DFUS","NR",0
54,42.3909,-72.4327,22,9,2019,1,54,"count",1,NA,NA,"9/22/2019","54_1","EBIS","NR",1
54,42.3909,-72.4327,22,9,2019,1,54,"count",1,NA,NA,"9/22/2019","54_1","GPOR","NR",1
56,42.394011,-72.427503,4,10,2019,1,56,"count",1,NA,NA,"10/4/2019","56_1","DFUS","NR",0
56,42.394011,-72.427503,4,10,2019,1,56,"count",1,NA,NA,"10/4/2019","56_1","EBIS","NR",1
56,42.394011,-72.427503,4,10,2019,1,56,"count",1,NA,NA,"10/4/2019","56_1","GPOR","NR",0
19,42.149004,-73.314386,21,10,2019,1,19,"count",1,NA,NA,"10/21/2019","19_1","DFUS","NR",0
19,42.149004,-73.314386,21,10,2019,1,19,"count",1,NA,NA,"10/21/2019","19_1","EBIS","NR",1
19,42.149004,-73.314386,21,10,2019,1,19,"count",1,NA,NA,"10/21/2019","19_1","GPOR","NR",0
70,42.43688,-72.387145,5,10,2019,1,70,"count",1,NA,NA,"10/5/2019","70_1","DFUS","NR",0
70,42.43688,-72.387145,5,10,2019,1,70,"count",1,NA,NA,"10/5/2019","70_1","EBIS","NR",0
70,42.43688,-72.387145,5,10,2019,1,70,"count",1,NA,NA,"10/5/2019","70_1","GPOR","NR",0
60,42.414852,-72.465657,10,10,2019,1,60,"count",1,NA,NA,"10/10/2019","60_1","DFUS","NR",0
60,42.414852,-72.465657,10,10,2019,1,60,"count",1,NA,NA,"10/10/2019","60_1","EBIS","NR",3
60,42.414852,-72.465657,10,10,2019,1,60,"count",1,NA,NA,"10/10/2019","60_1","GPOR","NR",0
97,42.536667,-71.796667,1,9,2019,1,97,"count",1,NA,NA,"9/1/2019","97_1","DFUS","NR",1
97,42.536667,-71.796667,1,9,2019,1,97,"count",1,NA,NA,"9/1/2019","97_1","EBIS","NR",0
97,42.536667,-71.796667,1,9,2019,1,97,"count",1,NA,NA,"9/1/2019","97_1","GPOR","NR",2
50,42.374636,-71.82666,23,7,2019,1,50,"count",1,NA,NA,"7/23/2019","50_1","DFUS","NR",0
50,42.374636,-71.82666,23,7,2019,1,50,"count",1,NA,NA,"7/23/2019","50_1","EBIS","NR",0
50,42.374636,-71.82666,23,7,2019,1,50,"count",1,NA,NA,"7/23/2019","50_1","GPOR","NR",0
49,42.373193,-71.828811,29,8,2019,1,49,"count",1,NA,NA,"8/29/2019","49_1","DFUS","NR",2
49,42.373193,-71.828811,29,8,2019,1,49,"count",1,NA,NA,"8/29/2019","49_1","EBIS","NR",0
49,42.373193,-71.828811,29,8,2019,1,49,"count",1,NA,NA,"8/29/2019","49_1","GPOR","NR",0
51,42.376788,-71.833813,11,9,2019,1,51,"count",1,NA,NA,"9/11/2019","51_1","DFUS","NR",0
51,42.376788,-71.833813,11,9,2019,1,51,"count",1,NA,NA,"9/11/2019","51_1","EBIS","NR",0
51,42.376788,-71.833813,11,9,2019,1,51,"count",1,NA,NA,"9/11/2019","51_1","GPOR","NR",0
38,42.306245,-71.877164,29,10,2019,1,38,"count",1,NA,NA,"10/29/2019","38_1","DFUS","NR",0
38,42.306245,-71.877164,29,10,2019,1,38,"count",1,NA,NA,"10/29/2019","38_1","EBIS","NR",1
38,42.306245,-71.877164,29,10,2019,1,38,"count",1,NA,NA,"10/29/2019","38_1","GPOR","NR",0
42,42.313582,-71.888697,18,9,2019,1,42,"count",1,NA,NA,"9/18/2019","42_1","DFUS","NR",0
42,42.313582,-71.888697,18,9,2019,1,42,"count",1,NA,NA,"9/18/2019","42_1","EBIS","NR",0
42,42.313582,-71.888697,18,9,2019,1,42,"count",1,NA,NA,"9/18/2019","42_1","GPOR","NR",0
39,42.306353,-71.877023,10,11,2019,1,39,"count",1,NA,NA,"11/10/2019","39_1","DFUS","NR",0
39,42.306353,-71.877023,10,11,2019,1,39,"count",1,NA,NA,"11/10/2019","39_1","EBIS","NR",1
39,42.306353,-71.877023,10,11,2019,1,39,"count",1,NA,NA,"11/10/2019","39_1","GPOR","NR",0
82,42.484472,-72.756833,29,6,2019,1,82,"count",1,NA,NA,"6/29/2019","82_1","DFUS","NR",1
82,42.484472,-72.756833,29,6,2019,1,82,"count",1,NA,NA,"6/29/2019","82_1","EBIS","NR",7
82,42.484472,-72.756833,29,6,2019,1,82,"count",1,NA,NA,"6/29/2019","82_1","GPOR","NR",0
81,42.482384,-72.760344,1,9,2019,1,81,"count",1,NA,NA,"9/1/2019","81_1","DFUS","NR",5
81,42.482384,-72.760344,1,9,2019,1,81,"count",1,NA,NA,"9/1/2019","81_1","EBIS","NR",16
81,42.482384,-72.760344,1,9,2019,1,81,"count",1,NA,NA,"9/1/2019","81_1","GPOR","NR",1
79,42.481407,-72.762659,27,9,2019,1,79,"count",1,NA,NA,"9/27/2019","79_1","DFUS","NR",4
79,42.481407,-72.762659,27,9,2019,1,79,"count",1,NA,NA,"9/27/2019","79_1","EBIS","NR",28
79,42.481407,-72.762659,27,9,2019,1,79,"count",1,NA,NA,"9/27/2019","79_1","GPOR","NR",0
84,42.48462,-72.756783,28,7,2019,1,84,"count",1,NA,NA,"7/28/2019","84_1","DFUS","NR",19
84,42.48462,-72.756783,28,7,2019,1,84,"count",1,NA,NA,"7/28/2019","84_1","EBIS","NR",14
84,42.48462,-72.756783,28,7,2019,1,84,"count",1,NA,NA,"7/28/2019","84_1","GPOR","NR",0
93,42.501739,-72.789238,2,8,2019,1,93,"count",1,NA,NA,"8/2/2019","93_1","DFUS","NR",12
93,42.501739,-72.789238,2,8,2019,1,93,"count",1,NA,NA,"8/2/2019","93_1","EBIS","NR",23
93,42.501739,-72.789238,2,8,2019,1,93,"count",1,NA,NA,"8/2/2019","93_1","GPOR","NR",3
88,42.487706,-72.705833,18,8,2019,1,88,"count",1,NA,NA,"8/18/2019","88_1","DFUS","NR",1
88,42.487706,-72.705833,18,8,2019,1,88,"count",1,NA,NA,"8/18/2019","88_1","EBIS","NR",1
88,42.487706,-72.705833,18,8,2019,1,88,"count",1,NA,NA,"8/18/2019","88_1","GPOR","NR",1
73,42.457172,-72.94278,27,7,2019,1,73,"count",1,NA,NA,"7/27/2019","73_1","DFUS","NR",8
73,42.457172,-72.94278,27,7,2019,1,73,"count",1,NA,NA,"7/27/2019","73_1","EBIS","NR",9
73,42.457172,-72.94278,27,7,2019,1,73,"count",1,NA,NA,"7/27/2019","73_1","GPOR","NR",1
74,42.457314,-72.942307,27,7,2019,1,74,"count",1,NA,NA,"7/27/2019","74_1","DFUS","NR",14
74,42.457314,-72.942307,27,7,2019,1,74,"count",1,NA,NA,"7/27/2019","74_1","EBIS","NR",3
74,42.457314,-72.942307,27,7,2019,1,74,"count",1,NA,NA,"7/27/2019","74_1","GPOR","NR",1
75,42.459176,-72.94906,13,9,2019,1,75,"count",1,NA,NA,"9/13/2019","75_1","DFUS","NR",5
75,42.459176,-72.94906,13,9,2019,1,75,"count",1,NA,NA,"9/13/2019","75_1","EBIS","NR",15
75,42.459176,-72.94906,13,9,2019,1,75,"count",1,NA,NA,"9/13/2019","75_1","GPOR","NR",0
69,42.435028,-72.671556,28,6,2019,1,69,"count",1,NA,NA,"6/28/2019","69_1","DFUS","NR",5
69,42.435028,-72.671556,28,6,2019,1,69,"count",1,NA,NA,"6/28/2019","69_1","EBIS","NR",13
69,42.435028,-72.671556,28,6,2019,1,69,"count",1,NA,NA,"6/28/2019","69_1","GPOR","NR",2
72,42.447852,-72.65452,8,9,2019,1,72,"count",1,NA,NA,"9/8/2019","72_1","DFUS","NR",11
72,42.447852,-72.65452,8,9,2019,1,72,"count",1,NA,NA,"9/8/2019","72_1","EBIS","NR",16
72,42.447852,-72.65452,8,9,2019,1,72,"count",1,NA,NA,"9/8/2019","72_1","GPOR","NR",0
145,42.63844,-72.73728,20,6,2019,1,145,"count",1,NA,NA,"6/20/2019","145_1","DFUS","NR",77
145,42.63844,-72.73728,20,6,2019,1,145,"count",1,NA,NA,"6/20/2019","145_1","EBIS","NR",12
145,42.63844,-72.73728,20,6,2019,1,145,"count",1,NA,NA,"6/20/2019","145_1","GPOR","NR",0
146,42.64002,-72.74716,20,6,2019,1,146,"count",1,NA,NA,"6/20/2019","146_1","DFUS","NR",5
146,42.64002,-72.74716,20,6,2019,1,146,"count",1,NA,NA,"6/20/2019","146_1","EBIS","NR",2
146,42.64002,-72.74716,20,6,2019,1,146,"count",1,NA,NA,"6/20/2019","146_1","GPOR","NR",1
173,42.71751,-72.23132,25,6,2019,1,173,"count",1,NA,NA,"6/25/2019","173_1","DFUS","NR",1
173,42.71751,-72.23132,25,6,2019,1,173,"count",1,NA,NA,"6/25/2019","173_1","EBIS","NR",3
173,42.71751,-72.23132,25,6,2019,1,173,"count",1,NA,NA,"6/25/2019","173_1","GPOR","NR",4
94,42.5201,-72.14896,25,6,2019,1,94,"count",1,NA,NA,"6/25/2019","94_1","DFUS","NR",1
94,42.5201,-72.14896,25,6,2019,1,94,"count",1,NA,NA,"6/25/2019","94_1","EBIS","NR",0
94,42.5201,-72.14896,25,6,2019,1,94,"count",1,NA,NA,"6/25/2019","94_1","GPOR","NR",3
161,42.68207,-72.42773,2,7,2019,1,161,"count",1,NA,NA,"7/2/2019","161_1","DFUS","NR",1
161,42.68207,-72.42773,2,7,2019,1,161,"count",1,NA,NA,"7/2/2019","161_1","EBIS","NR",0
161,42.68207,-72.42773,2,7,2019,1,161,"count",1,NA,NA,"7/2/2019","161_1","GPOR","NR",4
160,42.68127,-72.43172,2,7,2019,1,160,"count",1,NA,NA,"7/2/2019","160_1","DFUS","NR",2
160,42.68127,-72.43172,2,7,2019,1,160,"count",1,NA,NA,"7/2/2019","160_1","EBIS","NR",0
160,42.68127,-72.43172,2,7,2019,1,160,"count",1,NA,NA,"7/2/2019","160_1","GPOR","NR",7
21,42.18009,-72.28094,3,7,2019,1,21,"count",1,NA,NA,"7/3/2019","21_1","DFUS","NR",4
21,42.18009,-72.28094,3,7,2019,1,21,"count",1,NA,NA,"7/3/2019","21_1","EBIS","NR",3
21,42.18009,-72.28094,3,7,2019,1,21,"count",1,NA,NA,"7/3/2019","21_1","GPOR","NR",0
22,42.18226,-72.28754,3,7,2019,1,22,"count",1,NA,NA,"7/3/2019","22_1","DFUS","NR",5
22,42.18226,-72.28754,3,7,2019,1,22,"count",1,NA,NA,"7/3/2019","22_1","EBIS","NR",20
22,42.18226,-72.28754,3,7,2019,1,22,"count",1,NA,NA,"7/3/2019","22_1","GPOR","NR",0
37,42.26988,-72.61703,8,7,2019,1,37,"count",1,NA,NA,"7/8/2019","37_1","DFUS","NR",9
37,42.26988,-72.61703,8,7,2019,1,37,"count",1,NA,NA,"7/8/2019","37_1","EBIS","NR",34
37,42.26988,-72.61703,8,7,2019,1,37,"count",1,NA,NA,"7/8/2019","37_1","GPOR","NR",0
136,42.61686,-72.82774,11,7,2019,1,136,"count",1,NA,NA,"7/11/2019","136_1","DFUS","NR",8
136,42.61686,-72.82774,11,7,2019,1,136,"count",1,NA,NA,"7/11/2019","136_1","EBIS","NR",31
136,42.61686,-72.82774,11,7,2019,1,136,"count",1,NA,NA,"7/11/2019","136_1","GPOR","NR",0
132,42.61209,-72.8186,11,7,2019,1,132,"count",1,NA,NA,"7/11/2019","132_1","DFUS","NR",6
132,42.61209,-72.8186,11,7,2019,1,132,"count",1,NA,NA,"7/11/2019","132_1","EBIS","NR",18
132,42.61209,-72.8186,11,7,2019,1,132,"count",1,NA,NA,"7/11/2019","132_1","GPOR","NR",2
12,42.10093,-71.78877,13,7,2019,1,12,"count",1,NA,NA,"7/13/2019","12_1","DFUS","NR",15
12,42.10093,-71.78877,13,7,2019,1,12,"count",1,NA,NA,"7/13/2019","12_1","EBIS","NR",68
12,42.10093,-71.78877,13,7,2019,1,12,"count",1,NA,NA,"7/13/2019","12_1","GPOR","NR",0
13,42.10247,-71.79158,13,7,2019,1,13,"count",1,NA,NA,"7/13/2019","13_1","DFUS","NR",2
13,42.10247,-71.79158,13,7,2019,1,13,"count",1,NA,NA,"7/13/2019","13_1","EBIS","NR",1
13,42.10247,-71.79158,13,7,2019,1,13,"count",1,NA,NA,"7/13/2019","13_1","GPOR","NR",1
36,42.26579,-72.63309,18,7,2019,1,36,"count",1,NA,NA,"7/18/2019","36_1","DFUS","NR",3
36,42.26579,-72.63309,18,7,2019,1,36,"count",1,NA,NA,"7/18/2019","36_1","EBIS","NR",7
36,42.26579,-72.63309,18,7,2019,1,36,"count",1,NA,NA,"7/18/2019","36_1","GPOR","NR",0
34,42.25918,-72.62345,18,7,2019,1,34,"count",1,NA,NA,"7/18/2019","34_1","DFUS","NR",1
34,42.25918,-72.62345,18,7,2019,1,34,"count",1,NA,NA,"7/18/2019","34_1","EBIS","NR",17
34,42.25918,-72.62345,18,7,2019,1,34,"count",1,NA,NA,"7/18/2019","34_1","GPOR","NR",2
52,42.38651,-72.43661,31,7,2019,1,52,"count",1,NA,NA,"7/31/2019","52_1","DFUS","NR",13
52,42.38651,-72.43661,31,7,2019,1,52,"count",1,NA,NA,"7/31/2019","52_1","EBIS","NR",22
52,42.38651,-72.43661,31,7,2019,1,52,"count",1,NA,NA,"7/31/2019","52_1","GPOR","NR",0
53,42.39084,-72.43259,31,7,2019,1,53,"count",1,NA,NA,"7/31/2019","53_1","DFUS","NR",2
53,42.39084,-72.43259,31,7,2019,1,53,"count",1,NA,NA,"7/31/2019","53_1","EBIS","NR",10
53,42.39084,-72.43259,31,7,2019,1,53,"count",1,NA,NA,"7/31/2019","53_1","GPOR","NR",0
55,42.39394,-72.42762,31,7,2019,1,55,"count",1,NA,NA,"7/31/2019","55_1","DFUS","NR",2
55,42.39394,-72.42762,31,7,2019,1,55,"count",1,NA,NA,"7/31/2019","55_1","EBIS","NR",11
55,42.39394,-72.42762,31,7,2019,1,55,"count",1,NA,NA,"7/31/2019","55_1","GPOR","NR",0
40,42.31014,-72.37527,1,8,2019,1,40,"count",1,NA,NA,"8/1/2019","40_1","DFUS","NR",0
40,42.31014,-72.37527,1,8,2019,1,40,"count",1,NA,NA,"8/1/2019","40_1","EBIS","NR",0
40,42.31014,-72.37527,1,8,2019,1,40,"count",1,NA,NA,"8/1/2019","40_1","GPOR","NR",0
41,42.31038,-72.37276,1,8,2019,1,41,"count",1,NA,NA,"8/1/2019","41_1","DFUS","NR",0
41,42.31038,-72.37276,1,8,2019,1,41,"count",1,NA,NA,"8/1/2019","41_1","EBIS","NR",1
41,42.31038,-72.37276,1,8,2019,1,41,"count",1,NA,NA,"8/1/2019","41_1","GPOR","NR",0
43,42.31586,-72.37983,1,8,2019,1,43,"count",1,NA,NA,"8/1/2019","43_1","DFUS","NR",0
43,42.31586,-72.37983,1,8,2019,1,43,"count",1,NA,NA,"8/1/2019","43_1","EBIS","NR",0
43,42.31586,-72.37983,1,8,2019,1,43,"count",1,NA,NA,"8/1/2019","43_1","GPOR","NR",0
112,42.59058,-71.86252,5,8,2019,1,112,"count",1,NA,NA,"8/5/2019","112_1","DFUS","NR",2
112,42.59058,-71.86252,5,8,2019,1,112,"count",1,NA,NA,"8/5/2019","112_1","EBIS","NR",3
112,42.59058,-71.86252,5,8,2019,1,112,"count",1,NA,NA,"8/5/2019","112_1","GPOR","NR",0
109,42.58324,-71.86513,5,8,2019,1,109,"count",1,NA,NA,"8/5/2019","109_1","DFUS","NR",11
109,42.58324,-71.86513,5,8,2019,1,109,"count",1,NA,NA,"8/5/2019","109_1","EBIS","NR",3
109,42.58324,-71.86513,5,8,2019,1,109,"count",1,NA,NA,"8/5/2019","109_1","GPOR","NR",0
76,42.47565,-71.88517,7,8,2019,1,76,"count",1,NA,NA,"8/7/2019","76_1","DFUS","NR",0
76,42.47565,-71.88517,7,8,2019,1,76,"count",1,NA,NA,"8/7/2019","76_1","EBIS","NR",3
76,42.47565,-71.88517,7,8,2019,1,76,"count",1,NA,NA,"8/7/2019","76_1","GPOR","NR",0
77,42.47747,-71.89168,7,8,2019,1,77,"count",1,NA,NA,"8/7/2019","77_1","DFUS","NR",0
77,42.47747,-71.89168,7,8,2019,1,77,"count",1,NA,NA,"8/7/2019","77_1","EBIS","NR",0
77,42.47747,-71.89168,7,8,2019,1,77,"count",1,NA,NA,"8/7/2019","77_1","GPOR","NR",2
78,42.48101,-71.90645,7,8,2019,1,78,"count",1,NA,NA,"8/7/2019","78_1","DFUS","NR",0
78,42.48101,-71.90645,7,8,2019,1,78,"count",1,NA,NA,"8/7/2019","78_1","EBIS","NR",4
78,42.48101,-71.90645,7,8,2019,1,78,"count",1,NA,NA,"8/7/2019","78_1","GPOR","NR",0
7,42.08129,-72.83618,8,8,2019,1,7,"count",1,NA,NA,"8/8/2019","7_1","DFUS","NR",17
7,42.08129,-72.83618,8,8,2019,1,7,"count",1,NA,NA,"8/8/2019","7_1","EBIS","NR",2
7,42.08129,-72.83618,8,8,2019,1,7,"count",1,NA,NA,"8/8/2019","7_1","GPOR","NR",7
16,42.13128,-72.84413,15,8,2019,1,16,"count",1,NA,NA,"8/15/2019","16_1","DFUS","NR",61
16,42.13128,-72.84413,15,8,2019,1,16,"count",1,NA,NA,"8/15/2019","16_1","EBIS","NR",17
16,42.13128,-72.84413,15,8,2019,1,16,"count",1,NA,NA,"8/15/2019","16_1","GPOR","NR",1
17,42.13227,-72.84358,22,8,2019,1,17,"count",1,NA,NA,"8/22/2019","17_1","DFUS","NR",24
17,42.13227,-72.84358,22,8,2019,1,17,"count",1,NA,NA,"8/22/2019","17_1","EBIS","NR",1
17,42.13227,-72.84358,22,8,2019,1,17,"count",1,NA,NA,"8/22/2019","17_1","GPOR","NR",1
18,42.13932,-72.84247,22,8,2019,1,18,"count",1,NA,NA,"8/22/2019","18_1","DFUS","NR",22
18,42.13932,-72.84247,22,8,2019,1,18,"count",1,NA,NA,"8/22/2019","18_1","EBIS","NR",0
18,42.13932,-72.84247,22,8,2019,1,18,"count",1,NA,NA,"8/22/2019","18_1","GPOR","NR",0
5,42.05191,-72.43192,17,9,2019,1,5,"count",1,NA,NA,"9/17/2019","5_1","DFUS","NR",5
5,42.05191,-72.43192,17,9,2019,1,5,"count",1,NA,NA,"9/17/2019","5_1","EBIS","NR",15
5,42.05191,-72.43192,17,9,2019,1,5,"count",1,NA,NA,"9/17/2019","5_1","GPOR","NR",0
4,42.04662,-72.42963,17,9,2019,1,4,"count",1,NA,NA,"9/17/2019","4_1","DFUS","NR",12
4,42.04662,-72.42963,17,9,2019,1,4,"count",1,NA,NA,"9/17/2019","4_1","EBIS","NR",4
4,42.04662,-72.42963,17,9,2019,1,4,"count",1,NA,NA,"9/17/2019","4_1","GPOR","NR",0
103,42.56881,-72.42865,19,9,2019,1,103,"count",1,NA,NA,"9/19/2019","103_1","DFUS","NR",0
103,42.56881,-72.42865,19,9,2019,1,103,"count",1,NA,NA,"9/19/2019","103_1","EBIS","NR",35
103,42.56881,-72.42865,19,9,2019,1,103,"count",1,NA,NA,"9/19/2019","103_1","GPOR","NR",9
104,42.56917,-72.42883,19,9,2019,1,104,"count",1,NA,NA,"9/19/2019","104_1","DFUS","NR",1
104,42.56917,-72.42883,19,9,2019,1,104,"count",1,NA,NA,"9/19/2019","104_1","EBIS","NR",14
104,42.56917,-72.42883,19,9,2019,1,104,"count",1,NA,NA,"9/19/2019","104_1","GPOR","NR",9
108,42.57737,-72.4352,19,9,2019,1,108,"count",1,NA,NA,"9/19/2019","108_1","DFUS","NR",3
108,42.57737,-72.4352,19,9,2019,1,108,"count",1,NA,NA,"9/19/2019","108_1","EBIS","NR",28
108,42.57737,-72.4352,19,9,2019,1,108,"count",1,NA,NA,"9/19/2019","108_1","GPOR","NR",0
122,42.60078,-72.40731,24,9,2019,1,122,"count",1,NA,NA,"9/24/2019","122_1","DFUS","NR",1
122,42.60078,-72.40731,24,9,2019,1,122,"count",1,NA,NA,"9/24/2019","122_1","EBIS","NR",4
122,42.60078,-72.40731,24,9,2019,1,122,"count",1,NA,NA,"9/24/2019","122_1","GPOR","NR",4
118,42.59668,-72.39958,24,9,2019,1,118,"count",1,NA,NA,"9/24/2019","118_1","DFUS","NR",0
118,42.59668,-72.39958,24,9,2019,1,118,"count",1,NA,NA,"9/24/2019","118_1","EBIS","NR",1
118,42.59668,-72.39958,24,9,2019,1,118,"count",1,NA,NA,"9/24/2019","118_1","GPOR","NR",0
115,42.59332,-72.39825,24,9,2019,1,115,"count",1,NA,NA,"9/24/2019","115_1","DFUS","NR",1
115,42.59332,-72.39825,24,9,2019,1,115,"count",1,NA,NA,"9/24/2019","115_1","EBIS","NR",2
115,42.59332,-72.39825,24,9,2019,1,115,"count",1,NA,NA,"9/24/2019","115_1","GPOR","NR",2
8,42.08867,-72.8647,3,10,2019,1,8,"count",1,NA,NA,"10/3/2019","8_1","DFUS","NR",14
8,42.08867,-72.8647,3,10,2019,1,8,"count",1,NA,NA,"10/3/2019","8_1","EBIS","NR",13
8,42.08867,-72.8647,3,10,2019,1,8,"count",1,NA,NA,"10/3/2019","8_1","GPOR","NR",0
9,42.08904,-72.84543,16,10,2019,1,9,"count",1,NA,NA,"10/16/2019","9_1","DFUS","NR",4
9,42.08904,-72.84543,16,10,2019,1,9,"count",1,NA,NA,"10/16/2019","9_1","EBIS","NR",2
9,42.08904,-72.84543,16,10,2019,1,9,"count",1,NA,NA,"10/16/2019","9_1","GPOR","NR",0
11,42.09846,-72.8499,16,10,2019,1,11,"count",1,NA,NA,"10/16/2019","11_1","DFUS","NR",9
11,42.09846,-72.8499,16,10,2019,1,11,"count",1,NA,NA,"10/16/2019","11_1","EBIS","NR",6
11,42.09846,-72.8499,16,10,2019,1,11,"count",1,NA,NA,"10/16/2019","11_1","GPOR","NR",0
35,42.263357,-73.434145,3,11,2020,1,35,"count",1,NA,NA,"11/3/2020","35_1","DFUS","NR",0
35,42.263357,-73.434145,3,11,2020,1,35,"count",1,NA,NA,"11/3/2020","35_1","EBIS","NR",1
35,42.263357,-73.434145,3,11,2020,1,35,"count",1,NA,NA,"11/3/2020","35_1","GPOR","NR",0
30,42.238278,-73.435897,21,9,2020,1,30,"count",1,NA,NA,"9/21/2020","30_1","DFUS","NR",7
30,42.238278,-73.435897,21,9,2020,1,30,"count",1,NA,NA,"9/21/2020","30_1","EBIS","NR",8
30,42.238278,-73.435897,21,9,2020,1,30,"count",1,NA,NA,"9/21/2020","30_1","GPOR","NR",1
32,42.239029,-73.43621,15,10,2020,1,32,"count",1,NA,NA,"10/15/2020","32_1","DFUS","NR",0
32,42.239029,-73.43621,15,10,2020,1,32,"count",1,NA,NA,"10/15/2020","32_1","EBIS","NR",0
32,42.239029,-73.43621,15,10,2020,1,32,"count",1,NA,NA,"10/15/2020","32_1","GPOR","NR",0
33,42.248265,-73.447809,19,10,2020,1,33,"count",1,NA,NA,"10/19/2020","33_1","DFUS","NR",1
33,42.248265,-73.447809,19,10,2020,1,33,"count",1,NA,NA,"10/19/2020","33_1","EBIS","NR",5
33,42.248265,-73.447809,19,10,2020,1,33,"count",1,NA,NA,"10/19/2020","33_1","GPOR","NR",0
57,42.41045,-72.381149,24,8,2020,1,57,"count",1,NA,NA,"8/24/2020","57_1","DFUS","NR",0
57,42.41045,-72.381149,24,8,2020,1,57,"count",1,NA,NA,"8/24/2020","57_1","EBIS","NR",5
57,42.41045,-72.381149,24,8,2020,1,57,"count",1,NA,NA,"8/24/2020","57_1","GPOR","NR",0
67,42.4296,-72.381172,18,8,2020,1,67,"count",1,NA,NA,"8/18/2020","67_1","DFUS","NR",0
67,42.4296,-72.381172,18,8,2020,1,67,"count",1,NA,NA,"8/18/2020","67_1","EBIS","NR",0
67,42.4296,-72.381172,18,8,2020,1,67,"count",1,NA,NA,"8/18/2020","67_1","GPOR","NR",0
59,42.414386,-72.466767,27,7,2020,1,59,"count",1,NA,NA,"7/27/2020","59_1","DFUS","NR",0
59,42.414386,-72.466767,27,7,2020,1,59,"count",1,NA,NA,"7/27/2020","59_1","EBIS","NR",1
59,42.414386,-72.466767,27,7,2020,1,59,"count",1,NA,NA,"7/27/2020","59_1","GPOR","NR",1
95,42.520691,-72.941389,25,5,2020,1,95,"count",1,NA,NA,"5/25/2020","95_1","DFUS","NR",9
95,42.520691,-72.941389,25,5,2020,1,95,"count",1,NA,NA,"5/25/2020","95_1","EBIS","NR",109
95,42.520691,-72.941389,25,5,2020,1,95,"count",1,NA,NA,"5/25/2020","95_1","GPOR","NR",3
102,42.562372,-72.827206,7,6,2020,1,102,"count",1,NA,NA,"6/7/2020","102_1","DFUS","NR",2
102,42.562372,-72.827206,7,6,2020,1,102,"count",1,NA,NA,"6/7/2020","102_1","EBIS","NR",21
102,42.562372,-72.827206,7,6,2020,1,102,"count",1,NA,NA,"6/7/2020","102_1","GPOR","NR",4
89,42.487913,-72.70565,21,6,2020,1,89,"count",1,NA,NA,"6/21/2020","89_1","DFUS","NR",8
89,42.487913,-72.70565,21,6,2020,1,89,"count",1,NA,NA,"6/21/2020","89_1","EBIS","NR",13
89,42.487913,-72.70565,21,6,2020,1,89,"count",1,NA,NA,"6/21/2020","89_1","GPOR","NR",5
110,42.584297,-72.841554,28,6,2020,1,110,"count",1,NA,NA,"6/28/2020","110_1","DFUS","NR",1
110,42.584297,-72.841554,28,6,2020,1,110,"count",1,NA,NA,"6/28/2020","110_1","EBIS","NR",5
110,42.584297,-72.841554,28,6,2020,1,110,"count",1,NA,NA,"6/28/2020","110_1","GPOR","NR",3
65,42.422601,-72.650847,25,7,2020,1,65,"count",1,NA,NA,"7/25/2020","65_1","DFUS","NR",2
65,42.422601,-72.650847,25,7,2020,1,65,"count",1,NA,NA,"7/25/2020","65_1","EBIS","NR",2
65,42.422601,-72.650847,25,7,2020,1,65,"count",1,NA,NA,"7/25/2020","65_1","GPOR","NR",0
114,42.591278,-72.939678,8,8,2020,1,114,"count",1,NA,NA,"8/8/2020","114_1","DFUS","NR",5
114,42.591278,-72.939678,8,8,2020,1,114,"count",1,NA,NA,"8/8/2020","114_1","EBIS","NR",6
114,42.591278,-72.939678,8,8,2020,1,114,"count",1,NA,NA,"8/8/2020","114_1","GPOR","NR",4
64,42.421704,-72.765081,5,9,2020,1,64,"count",1,NA,NA,"9/5/2020","64_1","DFUS","NR",1
64,42.421704,-72.765081,5,9,2020,1,64,"count",1,NA,NA,"9/5/2020","64_1","EBIS","NR",3
64,42.421704,-72.765081,5,9,2020,1,64,"count",1,NA,NA,"9/5/2020","64_1","GPOR","NR",1
151,42.660608,-73.052103,6,9,2020,1,151,"count",1,NA,NA,"9/6/2020","151_1","DFUS","NR",46
151,42.660608,-73.052103,6,9,2020,1,151,"count",1,NA,NA,"9/6/2020","151_1","EBIS","NR",17
151,42.660608,-73.052103,6,9,2020,1,151,"count",1,NA,NA,"9/6/2020","151_1","GPOR","NR",8
85,42.485068,-72.946896,19,9,2020,1,85,"count",1,NA,NA,"9/19/2020","85_1","DFUS","NR",12
85,42.485068,-72.946896,19,9,2020,1,85,"count",1,NA,NA,"9/19/2020","85_1","EBIS","NR",36
85,42.485068,-72.946896,19,9,2020,1,85,"count",1,NA,NA,"9/19/2020","85_1","GPOR","NR",0
80,42.482365,-72.760522,27,9,2020,1,80,"count",1,NA,NA,"9/27/2020","80_1","DFUS","NR",0
80,42.482365,-72.760522,27,9,2020,1,80,"count",1,NA,NA,"9/27/2020","80_1","EBIS","NR",47
80,42.482365,-72.760522,27,9,2020,1,80,"count",1,NA,NA,"9/27/2020","80_1","GPOR","NR",0
83,42.484586,-72.757122,28,9,2020,1,83,"count",1,NA,NA,"9/28/2020","83_1","DFUS","NR",2
83,42.484586,-72.757122,28,9,2020,1,83,"count",1,NA,NA,"9/28/2020","83_1","EBIS","NR",8
83,42.484586,-72.757122,28,9,2020,1,83,"count",1,NA,NA,"9/28/2020","83_1","GPOR","NR",0
107,42.576305,-72.917955,4,10,2020,1,107,"count",1,NA,NA,"10/4/2020","107_1","DFUS","NR",0
107,42.576305,-72.917955,4,10,2020,1,107,"count",1,NA,NA,"10/4/2020","107_1","EBIS","NR",14
107,42.576305,-72.917955,4,10,2020,1,107,"count",1,NA,NA,"10/4/2020","107_1","GPOR","NR",0
105,42.573425,-72.91578,4,10,2020,1,105,"count",1,NA,NA,"10/4/2020","105_1","DFUS","NR",0
105,42.573425,-72.91578,4,10,2020,1,105,"count",1,NA,NA,"10/4/2020","105_1","EBIS","NR",9
105,42.573425,-72.91578,4,10,2020,1,105,"count",1,NA,NA,"10/4/2020","105_1","GPOR","NR",1
71,42.44771,-72.654358,5,10,2020,1,71,"count",1,NA,NA,"10/5/2020","71_1","DFUS","NR",0
71,42.44771,-72.654358,5,10,2020,1,71,"count",1,NA,NA,"10/5/2020","71_1","EBIS","NR",3
71,42.44771,-72.654358,5,10,2020,1,71,"count",1,NA,NA,"10/5/2020","71_1","GPOR","NR",0
143,42.634381,-73.140473,24,10,2020,1,143,"count",1,NA,NA,"10/24/2020","143_1","DFUS","NR",3
143,42.634381,-73.140473,24,10,2020,1,143,"count",1,NA,NA,"10/24/2020","143_1","EBIS","NR",9
143,42.634381,-73.140473,24,10,2020,1,143,"count",1,NA,NA,"10/24/2020","143_1","GPOR","NR",0
142,42.633478,-73.138989,24,10,2020,1,142,"count",1,NA,NA,"10/24/2020","142_1","DFUS","NR",6
142,42.633478,-73.138989,24,10,2020,1,142,"count",1,NA,NA,"10/24/2020","142_1","EBIS","NR",9
142,42.633478,-73.138989,24,10,2020,1,142,"count",1,NA,NA,"10/24/2020","142_1","GPOR","NR",1
20,42.17999,-72.28087,19,5,2020,1,20,"count",1,NA,NA,"5/19/2020","20_1","DFUS","NR",20
20,42.17999,-72.28087,19,5,2020,1,20,"count",1,NA,NA,"5/19/2020","20_1","EBIS","NR",8
20,42.17999,-72.28087,19,5,2020,1,20,"count",1,NA,NA,"5/19/2020","20_1","GPOR","NR",0
28,42.18455,-72.27903,19,5,2020,1,28,"count",1,NA,NA,"5/19/2020","28_1","DFUS","NR",0
28,42.18455,-72.27903,19,5,2020,1,28,"count",1,NA,NA,"5/19/2020","28_1","EBIS","NR",8
28,42.18455,-72.27903,19,5,2020,1,28,"count",1,NA,NA,"5/19/2020","28_1","GPOR","NR",0
58,42.41158,-72.86886,30,5,2020,1,58,"count",1,NA,NA,"5/30/2020","58_1","DFUS","NR",13
58,42.41158,-72.86886,30,5,2020,1,58,"count",1,NA,NA,"5/30/2020","58_1","EBIS","NR",76
58,42.41158,-72.86886,30,5,2020,1,58,"count",1,NA,NA,"5/30/2020","58_1","GPOR","NR",0
2,42.04374,-72.94265,27,6,2020,1,2,"count",1,NA,NA,"6/27/2020","2_1","DFUS","NR",1
2,42.04374,-72.94265,27,6,2020,1,2,"count",1,NA,NA,"6/27/2020","2_1","EBIS","NR",6
2,42.04374,-72.94265,27,6,2020,1,2,"count",1,NA,NA,"6/27/2020","2_1","GPOR","NR",0
3,42.04638,-72.94092,27,6,2020,1,3,"count",1,NA,NA,"6/27/2020","3_1","DFUS","NR",1
3,42.04638,-72.94092,27,6,2020,1,3,"count",1,NA,NA,"6/27/2020","3_1","EBIS","NR",1
3,42.04638,-72.94092,27,6,2020,1,3,"count",1,NA,NA,"6/27/2020","3_1","GPOR","NR",0
1,42.03967,-72.94053,27,6,2020,1,1,"count",1,NA,NA,"6/27/2020","1_1","DFUS","NR",5
1,42.03967,-72.94053,27,6,2020,1,1,"count",1,NA,NA,"6/27/2020","1_1","EBIS","NR",0
1,42.03967,-72.94053,27,6,2020,1,1,"count",1,NA,NA,"6/27/2020","1_1","GPOR","NR",0
141,42.63297,-72.93153,9,7,2020,1,141,"count",1,NA,NA,"7/9/2020","141_1","DFUS","NR",1
141,42.63297,-72.93153,9,7,2020,1,141,"count",1,NA,NA,"7/9/2020","141_1","EBIS","NR",14
141,42.63297,-72.93153,9,7,2020,1,141,"count",1,NA,NA,"7/9/2020","141_1","GPOR","NR",2
147,42.64143,-72.94751,9,7,2020,1,147,"count",1,NA,NA,"7/9/2020","147_1","DFUS","NR",0
147,42.64143,-72.94751,9,7,2020,1,147,"count",1,NA,NA,"7/9/2020","147_1","EBIS","NR",1
147,42.64143,-72.94751,9,7,2020,1,147,"count",1,NA,NA,"7/9/2020","147_1","GPOR","NR",4
148,42.64407,-72.9912,9,7,2020,1,148,"count",1,NA,NA,"7/9/2020","148_1","DFUS","NR",5
148,42.64407,-72.9912,9,7,2020,1,148,"count",1,NA,NA,"7/9/2020","148_1","EBIS","NR",7
148,42.64407,-72.9912,9,7,2020,1,148,"count",1,NA,NA,"7/9/2020","148_1","GPOR","NR",3
62,42.42009,-72.86254,14,7,2020,1,62,"count",1,NA,NA,"7/14/2020","62_1","DFUS","NR",3
62,42.42009,-72.86254,14,7,2020,1,62,"count",1,NA,NA,"7/14/2020","62_1","EBIS","NR",27
62,42.42009,-72.86254,14,7,2020,1,62,"count",1,NA,NA,"7/14/2020","62_1","GPOR","NR",0
68,42.43042,-72.85706,14,7,2020,1,68,"count",1,NA,NA,"7/14/2020","68_1","DFUS","NR",11
68,42.43042,-72.85706,14,7,2020,1,68,"count",1,NA,NA,"7/14/2020","68_1","EBIS","NR",4
68,42.43042,-72.85706,14,7,2020,1,68,"count",1,NA,NA,"7/14/2020","68_1","GPOR","NR",8
44,42.3228,-72.7821,17,7,2020,1,44,"count",1,NA,NA,"7/17/2020","44_1","DFUS","NR",6
44,42.3228,-72.7821,17,7,2020,1,44,"count",1,NA,NA,"7/17/2020","44_1","EBIS","NR",0
44,42.3228,-72.7821,17,7,2020,1,44,"count",1,NA,NA,"7/17/2020","44_1","GPOR","NR",0
46,42.32342,-72.78342,17,7,2020,1,46,"count",1,NA,NA,"7/17/2020","46_1","DFUS","NR",0
46,42.32342,-72.78342,17,7,2020,1,46,"count",1,NA,NA,"7/17/2020","46_1","EBIS","NR",3
46,42.32342,-72.78342,17,7,2020,1,46,"count",1,NA,NA,"7/17/2020","46_1","GPOR","NR",0
45,42.32333,-72.78564,17,7,2020,1,45,"count",1,NA,NA,"7/17/2020","45_1","DFUS","NR",0
45,42.32333,-72.78564,17,7,2020,1,45,"count",1,NA,NA,"7/17/2020","45_1","EBIS","NR",0
45,42.32333,-72.78564,17,7,2020,1,45,"count",1,NA,NA,"7/17/2020","45_1","GPOR","NR",0
47,42.34624,-72.75787,17,7,2020,1,47,"count",1,NA,NA,"7/17/2020","47_1","DFUS","NR",3
47,42.34624,-72.75787,17,7,2020,1,47,"count",1,NA,NA,"7/17/2020","47_1","EBIS","NR",8
47,42.34624,-72.75787,17,7,2020,1,47,"count",1,NA,NA,"7/17/2020","47_1","GPOR","NR",0
48,42.35508,-72.75881,17,7,2020,1,48,"count",1,NA,NA,"7/17/2020","48_1","DFUS","NR",1
48,42.35508,-72.75881,17,7,2020,1,48,"count",1,NA,NA,"7/17/2020","48_1","EBIS","NR",0
48,42.35508,-72.75881,17,7,2020,1,48,"count",1,NA,NA,"7/17/2020","48_1","GPOR","NR",1
177,42.72933,-72.92413,24,7,2020,1,177,"count",1,NA,NA,"7/24/2020","177_1","DFUS","NR",0
177,42.72933,-72.92413,24,7,2020,1,177,"count",1,NA,NA,"7/24/2020","177_1","EBIS","NR",6
177,42.72933,-72.92413,24,7,2020,1,177,"count",1,NA,NA,"7/24/2020","177_1","GPOR","NR",2
178,42.73197,-72.93192,24,7,2020,1,178,"count",1,NA,NA,"7/24/2020","178_1","DFUS","NR",12
178,42.73197,-72.93192,24,7,2020,1,178,"count",1,NA,NA,"7/24/2020","178_1","EBIS","NR",2
178,42.73197,-72.93192,24,7,2020,1,178,"count",1,NA,NA,"7/24/2020","178_1","GPOR","NR",0
174,42.72346,-72.94218,24,7,2020,1,174,"count",1,NA,NA,"7/24/2020","174_1","DFUS","NR",9
174,42.72346,-72.94218,24,7,2020,1,174,"count",1,NA,NA,"7/24/2020","174_1","EBIS","NR",3
174,42.72346,-72.94218,24,7,2020,1,174,"count",1,NA,NA,"7/24/2020","174_1","GPOR","NR",2
168,42.70681,-72.96901,27,7,2020,1,168,"count",1,NA,NA,"7/27/2020","168_1","DFUS","NR",30
168,42.70681,-72.96901,27,7,2020,1,168,"count",1,NA,NA,"7/27/2020","168_1","EBIS","NR",17
168,42.70681,-72.96901,27,7,2020,1,168,"count",1,NA,NA,"7/27/2020","168_1","GPOR","NR",0
169,42.71146,-72.98017,27,7,2020,1,169,"count",1,NA,NA,"7/27/2020","169_1","DFUS","NR",8
169,42.71146,-72.98017,27,7,2020,1,169,"count",1,NA,NA,"7/27/2020","169_1","EBIS","NR",11
169,42.71146,-72.98017,27,7,2020,1,169,"count",1,NA,NA,"7/27/2020","169_1","GPOR","NR",0
170,42.71164,-72.9807,27,7,2020,1,170,"count",1,NA,NA,"7/27/2020","170_1","DFUS","NR",2
170,42.71164,-72.9807,27,7,2020,1,170,"count",1,NA,NA,"7/27/2020","170_1","EBIS","NR",2
170,42.71164,-72.9807,27,7,2020,1,170,"count",1,NA,NA,"7/27/2020","170_1","GPOR","NR",0
166,42.69216,-72.97563,31,7,2020,1,166,"count",1,NA,NA,"7/31/2020","166_1","DFUS","NR",17
166,42.69216,-72.97563,31,7,2020,1,166,"count",1,NA,NA,"7/31/2020","166_1","EBIS","NR",8
166,42.69216,-72.97563,31,7,2020,1,166,"count",1,NA,NA,"7/31/2020","166_1","GPOR","NR",1
163,42.6842,-72.97955,31,7,2020,1,163,"count",1,NA,NA,"7/31/2020","163_1","DFUS","NR",8
163,42.6842,-72.97955,31,7,2020,1,163,"count",1,NA,NA,"7/31/2020","163_1","EBIS","NR",5
163,42.6842,-72.97955,31,7,2020,1,163,"count",1,NA,NA,"7/31/2020","163_1","GPOR","NR",1
165,42.68668,-72.98769,31,7,2020,1,165,"count",1,NA,NA,"7/31/2020","165_1","DFUS","NR",5
165,42.68668,-72.98769,31,7,2020,1,165,"count",1,NA,NA,"7/31/2020","165_1","EBIS","NR",1
165,42.68668,-72.98769,31,7,2020,1,165,"count",1,NA,NA,"7/31/2020","165_1","GPOR","NR",3
158,42.67915,-73.01086,7,8,2020,1,158,"count",1,NA,NA,"8/7/2020","158_1","DFUS","NR",0
158,42.67915,-73.01086,7,8,2020,1,158,"count",1,NA,NA,"8/7/2020","158_1","EBIS","NR",1
158,42.67915,-73.01086,7,8,2020,1,158,"count",1,NA,NA,"8/7/2020","158_1","GPOR","NR",1
156,42.6734,-73.00613,7,8,2020,1,156,"count",1,NA,NA,"8/7/2020","156_1","DFUS","NR",13
156,42.6734,-73.00613,7,8,2020,1,156,"count",1,NA,NA,"8/7/2020","156_1","EBIS","NR",1
156,42.6734,-73.00613,7,8,2020,1,156,"count",1,NA,NA,"8/7/2020","156_1","GPOR","NR",0
154,42.6701,-73.00188,7,8,2020,1,154,"count",1,NA,NA,"8/7/2020","154_1","DFUS","NR",16
154,42.6701,-73.00188,7,8,2020,1,154,"count",1,NA,NA,"8/7/2020","154_1","EBIS","NR",0
154,42.6701,-73.00188,7,8,2020,1,154,"count",1,NA,NA,"8/7/2020","154_1","GPOR","NR",3
152,42.66367,-72.99035,7,8,2020,1,152,"count",1,NA,NA,"8/7/2020","152_1","DFUS","NR",2
152,42.66367,-72.99035,7,8,2020,1,152,"count",1,NA,NA,"8/7/2020","152_1","EBIS","NR",1
152,42.66367,-72.99035,7,8,2020,1,152,"count",1,NA,NA,"8/7/2020","152_1","GPOR","NR",1
149,42.66016,-72.97754,7,8,2020,1,149,"count",1,NA,NA,"8/7/2020","149_1","DFUS","NR",8
149,42.66016,-72.97754,7,8,2020,1,149,"count",1,NA,NA,"8/7/2020","149_1","EBIS","NR",1
149,42.66016,-72.97754,7,8,2020,1,149,"count",1,NA,NA,"8/7/2020","149_1","GPOR","NR",0
164,42.6855,-73.07796,14,8,2020,1,164,"count",1,NA,NA,"8/14/2020","164_1","DFUS","NR",3
164,42.6855,-73.07796,14,8,2020,1,164,"count",1,NA,NA,"8/14/2020","164_1","EBIS","NR",2
164,42.6855,-73.07796,14,8,2020,1,164,"count",1,NA,NA,"8/14/2020","164_1","GPOR","NR",1
162,42.6823,-73.0788,14,8,2020,1,162,"count",1,NA,NA,"8/14/2020","162_1","DFUS","NR",3
162,42.6823,-73.0788,14,8,2020,1,162,"count",1,NA,NA,"8/14/2020","162_1","EBIS","NR",0
162,42.6823,-73.0788,14,8,2020,1,162,"count",1,NA,NA,"8/14/2020","162_1","GPOR","NR",2
159,42.68041,-73.08116,14,8,2020,1,159,"count",1,NA,NA,"8/14/2020","159_1","DFUS","NR",15
159,42.68041,-73.08116,14,8,2020,1,159,"count",1,NA,NA,"8/14/2020","159_1","EBIS","NR",0
159,42.68041,-73.08116,14,8,2020,1,159,"count",1,NA,NA,"8/14/2020","159_1","GPOR","NR",0
157,42.67855,-73.07802,14,8,2020,1,157,"count",1,NA,NA,"8/14/2020","157_1","DFUS","NR",6
157,42.67855,-73.07802,14,8,2020,1,157,"count",1,NA,NA,"8/14/2020","157_1","EBIS","NR",1
157,42.67855,-73.07802,14,8,2020,1,157,"count",1,NA,NA,"8/14/2020","157_1","GPOR","NR",0
155,42.67245,-73.08189,14,8,2020,1,155,"count",1,NA,NA,"8/14/2020","155_1","DFUS","NR",0
155,42.67245,-73.08189,14,8,2020,1,155,"count",1,NA,NA,"8/14/2020","155_1","EBIS","NR",1
155,42.67245,-73.08189,14,8,2020,1,155,"count",1,NA,NA,"8/14/2020","155_1","GPOR","NR",1
153,42.66814,-73.08648,14,8,2020,1,153,"count",1,NA,NA,"8/14/2020","153_1","DFUS","NR",20
153,42.66814,-73.08648,14,8,2020,1,153,"count",1,NA,NA,"8/14/2020","153_1","EBIS","NR",6
153,42.66814,-73.08648,14,8,2020,1,153,"count",1,NA,NA,"8/14/2020","153_1","GPOR","NR",0
150,42.66035,-73.0843,14,8,2020,1,150,"count",1,NA,NA,"8/14/2020","150_1","DFUS","NR",8
150,42.66035,-73.0843,14,8,2020,1,150,"count",1,NA,NA,"8/14/2020","150_1","EBIS","NR",0
150,42.66035,-73.0843,14,8,2020,1,150,"count",1,NA,NA,"8/14/2020","150_1","GPOR","NR",0
96,42.5363,-71.79404,17,8,2020,1,96,"count",1,NA,NA,"8/17/2020","96_1","DFUS","NR",0
96,42.5363,-71.79404,17,8,2020,1,96,"count",1,NA,NA,"8/17/2020","96_1","EBIS","NR",0
96,42.5363,-71.79404,17,8,2020,1,96,"count",1,NA,NA,"8/17/2020","96_1","GPOR","NR",0
98,42.53674,-71.79569,17,8,2020,1,98,"count",1,NA,NA,"8/17/2020","98_1","DFUS","NR",0
98,42.53674,-71.79569,17,8,2020,1,98,"count",1,NA,NA,"8/17/2020","98_1","EBIS","NR",0
98,42.53674,-71.79569,17,8,2020,1,98,"count",1,NA,NA,"8/17/2020","98_1","GPOR","NR",0
111,42.58519,-73.00345,4,9,2020,1,111,"count",1,NA,NA,"9/4/2020","111_1","DFUS","NR",1
111,42.58519,-73.00345,4,9,2020,1,111,"count",1,NA,NA,"9/4/2020","111_1","EBIS","NR",2
111,42.58519,-73.00345,4,9,2020,1,111,"count",1,NA,NA,"9/4/2020","111_1","GPOR","NR",3
113,42.59096,-73.01654,4,9,2020,1,113,"count",1,NA,NA,"9/4/2020","113_1","DFUS","NR",0
113,42.59096,-73.01654,4,9,2020,1,113,"count",1,NA,NA,"9/4/2020","113_1","EBIS","NR",0
113,42.59096,-73.01654,4,9,2020,1,113,"count",1,NA,NA,"9/4/2020","113_1","GPOR","NR",1
121,42.60074,-73.01732,4,9,2020,1,121,"count",1,NA,NA,"9/4/2020","121_1","DFUS","NR",0
121,42.60074,-73.01732,4,9,2020,1,121,"count",1,NA,NA,"9/4/2020","121_1","EBIS","NR",0
121,42.60074,-73.01732,4,9,2020,1,121,"count",1,NA,NA,"9/4/2020","121_1","GPOR","NR",1
106,42.57621,-73.01418,4,9,2020,1,106,"count",1,NA,NA,"9/4/2020","106_1","DFUS","NR",1
106,42.57621,-73.01418,4,9,2020,1,106,"count",1,NA,NA,"9/4/2020","106_1","EBIS","NR",4
106,42.57621,-73.01418,4,9,2020,1,106,"count",1,NA,NA,"9/4/2020","106_1","GPOR","NR",8
129,42.60852,-73.01138,7,9,2020,1,129,"count",1,NA,NA,"9/7/2020","129_1","DFUS","NR",0
129,42.60852,-73.01138,7,9,2020,1,129,"count",1,NA,NA,"9/7/2020","129_1","EBIS","NR",0
129,42.60852,-73.01138,7,9,2020,1,129,"count",1,NA,NA,"9/7/2020","129_1","GPOR","NR",3
124,42.60376,-73.00907,7,9,2020,1,124,"count",1,NA,NA,"9/7/2020","124_1","DFUS","NR",8
124,42.60376,-73.00907,7,9,2020,1,124,"count",1,NA,NA,"9/7/2020","124_1","EBIS","NR",1
124,42.60376,-73.00907,7,9,2020,1,124,"count",1,NA,NA,"9/7/2020","124_1","GPOR","NR",1
138,42.62062,-73.01845,7,9,2020,1,138,"count",1,NA,NA,"9/7/2020","138_1","DFUS","NR",1
138,42.62062,-73.01845,7,9,2020,1,138,"count",1,NA,NA,"9/7/2020","138_1","EBIS","NR",1
138,42.62062,-73.01845,7,9,2020,1,138,"count",1,NA,NA,"9/7/2020","138_1","GPOR","NR",2
140,42.62436,-73.00304,7,9,2020,1,140,"count",1,NA,NA,"9/7/2020","140_1","DFUS","NR",9
140,42.62436,-73.00304,7,9,2020,1,140,"count",1,NA,NA,"9/7/2020","140_1","EBIS","NR",8
140,42.62436,-73.00304,7,9,2020,1,140,"count",1,NA,NA,"9/7/2020","140_1","GPOR","NR",1
91,42.49128,-73.18819,11,9,2020,1,91,"count",1,NA,NA,"9/11/2020","91_1","DFUS","NR",15
91,42.49128,-73.18819,11,9,2020,1,91,"count",1,NA,NA,"9/11/2020","91_1","EBIS","NR",2
91,42.49128,-73.18819,11,9,2020,1,91,"count",1,NA,NA,"9/11/2020","91_1","GPOR","NR",1
100,42.54974,-73.16031,11,9,2020,1,100,"count",1,NA,NA,"9/11/2020","100_1","DFUS","NR",1
100,42.54974,-73.16031,11,9,2020,1,100,"count",1,NA,NA,"9/11/2020","100_1","EBIS","NR",1
100,42.54974,-73.16031,11,9,2020,1,100,"count",1,NA,NA,"9/11/2020","100_1","GPOR","NR",3
99,42.53975,-73.12453,11,9,2020,1,99,"count",1,NA,NA,"9/11/2020","99_1","DFUS","NR",2
99,42.53975,-73.12453,11,9,2020,1,99,"count",1,NA,NA,"9/11/2020","99_1","EBIS","NR",16
99,42.53975,-73.12453,11,9,2020,1,99,"count",1,NA,NA,"9/11/2020","99_1","GPOR","NR",1
101,42.5554,-73.11633,11,9,2020,1,101,"count",1,NA,NA,"9/11/2020","101_1","DFUS","NR",3
101,42.5554,-73.11633,11,9,2020,1,101,"count",1,NA,NA,"9/11/2020","101_1","EBIS","NR",15
101,42.5554,-73.11633,11,9,2020,1,101,"count",1,NA,NA,"9/11/2020","101_1","GPOR","NR",3
172,42.71698,-73.26683,14,9,2020,1,172,"count",1,NA,NA,"9/14/2020","172_1","DFUS","NR",7
172,42.71698,-73.26683,14,9,2020,1,172,"count",1,NA,NA,"9/14/2020","172_1","EBIS","NR",22
172,42.71698,-73.26683,14,9,2020,1,172,"count",1,NA,NA,"9/14/2020","172_1","GPOR","NR",5
171,42.71213,-73.26382,14,9,2020,1,171,"count",1,NA,NA,"9/14/2020","171_1","DFUS","NR",10
171,42.71213,-73.26382,14,9,2020,1,171,"count",1,NA,NA,"9/14/2020","171_1","EBIS","NR",25
171,42.71213,-73.26382,14,9,2020,1,171,"count",1,NA,NA,"9/14/2020","171_1","GPOR","NR",6
179,42.73447,-73.25119,14,9,2020,1,179,"count",1,NA,NA,"9/14/2020","179_1","DFUS","NR",6
179,42.73447,-73.25119,14,9,2020,1,179,"count",1,NA,NA,"9/14/2020","179_1","EBIS","NR",7
179,42.73447,-73.25119,14,9,2020,1,179,"count",1,NA,NA,"9/14/2020","179_1","GPOR","NR",2
176,42.7277,-73.24162,14,9,2020,1,176,"count",1,NA,NA,"9/14/2020","176_1","DFUS","NR",6
176,42.7277,-73.24162,14,9,2020,1,176,"count",1,NA,NA,"9/14/2020","176_1","EBIS","NR",3
176,42.7277,-73.24162,14,9,2020,1,176,"count",1,NA,NA,"9/14/2020","176_1","GPOR","NR",6
175,42.72617,-73.24662,14,9,2020,1,175,"count",1,NA,NA,"9/14/2020","175_1","DFUS","NR",20
175,42.72617,-73.24662,14,9,2020,1,175,"count",1,NA,NA,"9/14/2020","175_1","EBIS","NR",5
175,42.72617,-73.24662,14,9,2020,1,175,"count",1,NA,NA,"9/14/2020","175_1","GPOR","NR",2
125,42.60435,-73.17167,18,9,2020,1,125,"count",1,NA,NA,"9/18/2020","125_1","DFUS","NR",0
125,42.60435,-73.17167,18,9,2020,1,125,"count",1,NA,NA,"9/18/2020","125_1","EBIS","NR",5
125,42.60435,-73.17167,18,9,2020,1,125,"count",1,NA,NA,"9/18/2020","125_1","GPOR","NR",9
131,42.61133,-73.17255,18,9,2020,1,131,"count",1,NA,NA,"9/18/2020","131_1","DFUS","NR",2
131,42.61133,-73.17255,18,9,2020,1,131,"count",1,NA,NA,"9/18/2020","131_1","EBIS","NR",1
131,42.61133,-73.17255,18,9,2020,1,131,"count",1,NA,NA,"9/18/2020","131_1","GPOR","NR",10
134,42.61527,-73.16639,18,9,2020,1,134,"count",1,NA,NA,"9/18/2020","134_1","DFUS","NR",0
134,42.61527,-73.16639,18,9,2020,1,134,"count",1,NA,NA,"9/18/2020","134_1","EBIS","NR",1
134,42.61527,-73.16639,18,9,2020,1,134,"count",1,NA,NA,"9/18/2020","134_1","GPOR","NR",3
139,42.62142,-73.16738,18,9,2020,1,139,"count",1,NA,NA,"9/18/2020","139_1","DFUS","NR",0
139,42.62142,-73.16738,18,9,2020,1,139,"count",1,NA,NA,"9/18/2020","139_1","EBIS","NR",10
139,42.62142,-73.16738,18,9,2020,1,139,"count",1,NA,NA,"9/18/2020","139_1","GPOR","NR",12
119,42.5991,-73.21907,21,9,2020,1,119,"count",1,NA,NA,"9/21/2020","119_1","DFUS","NR",30
119,42.5991,-73.21907,21,9,2020,1,119,"count",1,NA,NA,"9/21/2020","119_1","EBIS","NR",30
119,42.5991,-73.21907,21,9,2020,1,119,"count",1,NA,NA,"9/21/2020","119_1","GPOR","NR",0
116,42.59492,-73.21629,21,9,2020,1,116,"count",1,NA,NA,"9/21/2020","116_1","DFUS","NR",8
116,42.59492,-73.21629,21,9,2020,1,116,"count",1,NA,NA,"9/21/2020","116_1","EBIS","NR",15
116,42.59492,-73.21629,21,9,2020,1,116,"count",1,NA,NA,"9/21/2020","116_1","GPOR","NR",1
117,42.59596,-73.21558,21,9,2020,1,117,"count",1,NA,NA,"9/21/2020","117_1","DFUS","NR",8
117,42.59596,-73.21558,21,9,2020,1,117,"count",1,NA,NA,"9/21/2020","117_1","EBIS","NR",9
117,42.59596,-73.21558,21,9,2020,1,117,"count",1,NA,NA,"9/21/2020","117_1","GPOR","NR",0
120,42.60066,-73.21429,21,9,2020,1,120,"count",1,NA,NA,"9/21/2020","120_1","DFUS","NR",6
120,42.60066,-73.21429,21,9,2020,1,120,"count",1,NA,NA,"9/21/2020","120_1","EBIS","NR",6
120,42.60066,-73.21429,21,9,2020,1,120,"count",1,NA,NA,"9/21/2020","120_1","GPOR","NR",2
126,42.60542,-73.21026,21,9,2020,1,126,"count",1,NA,NA,"9/21/2020","126_1","DFUS","NR",9
126,42.60542,-73.21026,21,9,2020,1,126,"count",1,NA,NA,"9/21/2020","126_1","EBIS","NR",7
126,42.60542,-73.21026,21,9,2020,1,126,"count",1,NA,NA,"9/21/2020","126_1","GPOR","NR",3
130,42.60975,-73.20277,21,9,2020,1,130,"count",1,NA,NA,"9/21/2020","130_1","DFUS","NR",2
130,42.60975,-73.20277,21,9,2020,1,130,"count",1,NA,NA,"9/21/2020","130_1","EBIS","NR",3
130,42.60975,-73.20277,21,9,2020,1,130,"count",1,NA,NA,"9/21/2020","130_1","GPOR","NR",1
144,42.63537,-73.21313,21,9,2020,1,144,"count",1,NA,NA,"9/21/2020","144_1","DFUS","NR",3
144,42.63537,-73.21313,21,9,2020,1,144,"count",1,NA,NA,"9/21/2020","144_1","EBIS","NR",4
144,42.63537,-73.21313,21,9,2020,1,144,"count",1,NA,NA,"9/21/2020","144_1","GPOR","NR",2
167,42.70483,-73.15051,25,9,2020,1,167,"count",1,NA,NA,"9/25/2020","167_1","DFUS","NR",0
167,42.70483,-73.15051,25,9,2020,1,167,"count",1,NA,NA,"9/25/2020","167_1","EBIS","NR",0
167,42.70483,-73.15051,25,9,2020,1,167,"count",1,NA,NA,"9/25/2020","167_1","GPOR","NR",23
10,42.08929,-73.42547,28,9,2020,1,10,"count",1,NA,NA,"9/28/2020","10_1","DFUS","NR",2
10,42.08929,-73.42547,28,9,2020,1,10,"count",1,NA,NA,"9/28/2020","10_1","EBIS","NR",3
10,42.08929,-73.42547,28,9,2020,1,10,"count",1,NA,NA,"9/28/2020","10_1","GPOR","NR",0
6,42.05333,-73.4552,28,9,2020,1,6,"count",1,NA,NA,"9/28/2020","6_1","DFUS","NR",0
6,42.05333,-73.4552,28,9,2020,1,6,"count",1,NA,NA,"9/28/2020","6_1","EBIS","NR",4
6,42.05333,-73.4552,28,9,2020,1,6,"count",1,NA,NA,"9/28/2020","6_1","GPOR","NR",2
15,42.10644,-73.48343,28,9,2020,1,15,"count",1,NA,NA,"9/28/2020","15_1","DFUS","NR",2
15,42.10644,-73.48343,28,9,2020,1,15,"count",1,NA,NA,"9/28/2020","15_1","EBIS","NR",5
15,42.10644,-73.48343,28,9,2020,1,15,"count",1,NA,NA,"9/28/2020","15_1","GPOR","NR",0
14,42.10553,-73.49002,28,9,2020,1,14,"count",1,NA,NA,"9/28/2020","14_1","DFUS","NR",10
14,42.10553,-73.49002,28,9,2020,1,14,"count",1,NA,NA,"9/28/2020","14_1","EBIS","NR",1
14,42.10553,-73.49002,28,9,2020,1,14,"count",1,NA,NA,"9/28/2020","14_1","GPOR","NR",0
92,42.49488,-73.29984,2,10,2020,1,92,"count",1,NA,NA,"10/2/2020","92_1","DFUS","NR",19
92,42.49488,-73.29984,2,10,2020,1,92,"count",1,NA,NA,"10/2/2020","92_1","EBIS","NR",46
92,42.49488,-73.29984,2,10,2020,1,92,"count",1,NA,NA,"10/2/2020","92_1","GPOR","NR",1
90,42.48991,-73.30518,2,10,2020,1,90,"count",1,NA,NA,"10/2/2020","90_1","DFUS","NR",5
90,42.48991,-73.30518,2,10,2020,1,90,"count",1,NA,NA,"10/2/2020","90_1","EBIS","NR",27
90,42.48991,-73.30518,2,10,2020,1,90,"count",1,NA,NA,"10/2/2020","90_1","GPOR","NR",1
86,42.48582,-73.30788,2,10,2020,1,86,"count",1,NA,NA,"10/2/2020","86_1","DFUS","NR",32
86,42.48582,-73.30788,2,10,2020,1,86,"count",1,NA,NA,"10/2/2020","86_1","EBIS","NR",31
86,42.48582,-73.30788,2,10,2020,1,86,"count",1,NA,NA,"10/2/2020","86_1","GPOR","NR",0
87,42.48606,-73.31622,2,10,2020,1,87,"count",1,NA,NA,"10/2/2020","87_1","DFUS","NR",33
87,42.48606,-73.31622,2,10,2020,1,87,"count",1,NA,NA,"10/2/2020","87_1","EBIS","NR",10
87,42.48606,-73.31622,2,10,2020,1,87,"count",1,NA,NA,"10/2/2020","87_1","GPOR","NR",0
127,42.60624,-73.29459,5,10,2020,1,127,"count",1,NA,NA,"10/5/2020","127_1","DFUS","NR",10
127,42.60624,-73.29459,5,10,2020,1,127,"count",1,NA,NA,"10/5/2020","127_1","EBIS","NR",30
127,42.60624,-73.29459,5,10,2020,1,127,"count",1,NA,NA,"10/5/2020","127_1","GPOR","NR",1
133,42.61341,-73.29551,5,10,2020,1,133,"count",1,NA,NA,"10/5/2020","133_1","DFUS","NR",50
133,42.61341,-73.29551,5,10,2020,1,133,"count",1,NA,NA,"10/5/2020","133_1","EBIS","NR",50
133,42.61341,-73.29551,5,10,2020,1,133,"count",1,NA,NA,"10/5/2020","133_1","GPOR","NR",1
135,42.61573,-73.30199,5,10,2020,1,135,"count",1,NA,NA,"10/5/2020","135_1","DFUS","NR",10
135,42.61573,-73.30199,5,10,2020,1,135,"count",1,NA,NA,"10/5/2020","135_1","EBIS","NR",20
135,42.61573,-73.30199,5,10,2020,1,135,"count",1,NA,NA,"10/5/2020","135_1","GPOR","NR",8
137,42.6174,-73.31205,5,10,2020,1,137,"count",1,NA,NA,"10/5/2020","137_1","DFUS","NR",0
137,42.6174,-73.31205,5,10,2020,1,137,"count",1,NA,NA,"10/5/2020","137_1","EBIS","NR",0
137,42.6174,-73.31205,5,10,2020,1,137,"count",1,NA,NA,"10/5/2020","137_1","GPOR","NR",1
128,42.60648,-73.31419,5,10,2020,1,128,"count",1,NA,NA,"10/5/2020","128_1","DFUS","NR",1
128,42.60648,-73.31419,5,10,2020,1,128,"count",1,NA,NA,"10/5/2020","128_1","EBIS","NR",1
128,42.60648,-73.31419,5,10,2020,1,128,"count",1,NA,NA,"10/5/2020","128_1","GPOR","NR",1
123,42.60306,-73.31609,5,10,2020,1,123,"count",1,NA,NA,"10/5/2020","123_1","DFUS","NR",10
123,42.60306,-73.31609,5,10,2020,1,123,"count",1,NA,NA,"10/5/2020","123_1","EBIS","NR",20
123,42.60306,-73.31609,5,10,2020,1,123,"count",1,NA,NA,"10/5/2020","123_1","GPOR","NR",9
