"site.id","lat","lon","day","month","year","survey.id","pass.id","survey.conducted","data.type","time.to.detect","age","species","count","individual.id"
1,32.87831,-92.9939,10,2,2023,2,1,1,"count",NA,"NR","AMAC",1,NA
1,32.87831,-92.9939,10,2,2023,2,1,1,"count",NA,"NR","AMOP",1,NA
1,32.87831,-92.9939,10,2,2023,2,1,1,"count",NA,"NR","EUPA",0,NA
1,32.87831,-92.9939,10,2,2023,2,1,1,"count",NA,"NR","DECA",0,NA
1,32.87831,-92.9939,10,2,2023,2,1,1,"count",NA,"NR","PLKI",0,NA
1,32.87831,-92.9939,10,2,2023,2,1,1,"count",NA,"NR","DCON",0,NA
1,32.87831,-92.9939,10,2,2023,2,1,1,"count",NA,"NR","PLSE",0,NA
1,32.87831,-92.9939,10,2,2023,2,1,1,"count",NA,"NR","PLAL",0,NA
1,32.87831,-92.9939,10,2,2023,2,1,1,"count",NA,"NR","DEBR",0,NA
1,32.87831,-92.9939,10,2,2023,2,1,1,"count",NA,"NR","PLMI",0,NA
1,32.87831,-92.9939,10,2,2023,2,1,1,"count",NA,"NR","PLWE",0,NA
1,32.87831,-92.9939,20,12,2023,1,1,1,"count",NA,"NR","AMAC",0,NA
1,32.87831,-92.9939,20,12,2023,1,1,1,"count",NA,"NR","AMOP",0,NA
1,32.87831,-92.9939,20,12,2023,1,1,1,"count",NA,"NR","EUPA",2,NA
1,32.87831,-92.9939,20,12,2023,1,1,1,"count",NA,"NR","DECA",0,NA
1,32.87831,-92.9939,20,12,2023,1,1,1,"count",NA,"NR","PLKI",0,NA
1,32.87831,-92.9939,20,12,2023,1,1,1,"count",NA,"NR","DCON",0,NA
1,32.87831,-92.9939,20,12,2023,1,1,1,"count",NA,"NR","PLSE",0,NA
1,32.87831,-92.9939,20,12,2023,1,1,1,"count",NA,"NR","PLAL",0,NA
1,32.87831,-92.9939,20,12,2023,1,1,1,"count",NA,"NR","DEBR",0,NA
1,32.87831,-92.9939,20,12,2023,1,1,1,"count",NA,"NR","PLMI",0,NA
1,32.87831,-92.9939,20,12,2023,1,1,1,"count",NA,"NR","PLWE",0,NA
2,33.86118,-92.45055,7,2,2023,3,1,1,"count",NA,"NR","AMAC",0,NA
2,33.86118,-92.45055,7,2,2023,3,1,1,"count",NA,"NR","AMOP",0,NA
2,33.86118,-92.45055,7,2,2023,3,1,1,"count",NA,"NR","EUPA",1,NA
2,33.86118,-92.45055,7,2,2023,3,1,1,"count",NA,"NR","DECA",0,NA
2,33.86118,-92.45055,7,2,2023,3,1,1,"count",NA,"NR","PLKI",0,NA
2,33.86118,-92.45055,7,2,2023,3,1,1,"count",NA,"NR","DCON",0,NA
2,33.86118,-92.45055,7,2,2023,3,1,1,"count",NA,"NR","PLSE",0,NA
2,33.86118,-92.45055,7,2,2023,3,1,1,"count",NA,"NR","PLAL",0,NA
2,33.86118,-92.45055,7,2,2023,3,1,1,"count",NA,"NR","DEBR",0,NA
2,33.86118,-92.45055,7,2,2023,3,1,1,"count",NA,"NR","PLMI",0,NA
2,33.86118,-92.45055,7,2,2023,3,1,1,"count",NA,"NR","PLWE",0,NA
3,31.48289,-92.36739,5,12,2023,5,1,1,"count",NA,"NR","AMAC",0,NA
3,31.48289,-92.36739,5,12,2023,5,1,1,"count",NA,"NR","AMOP",0,NA
3,31.48289,-92.36739,5,12,2023,5,1,1,"count",NA,"NR","EUPA",0,NA
3,31.48289,-92.36739,5,12,2023,5,1,1,"count",NA,"NR","DECA",0,NA
3,31.48289,-92.36739,5,12,2023,5,1,1,"count",NA,"NR","PLKI",0,NA
3,31.48289,-92.36739,5,12,2023,5,1,1,"count",NA,"NR","DCON",0,NA
3,31.48289,-92.36739,5,12,2023,5,1,1,"count",NA,"NR","PLSE",0,NA
3,31.48289,-92.36739,5,12,2023,5,1,1,"count",NA,"NR","PLAL",0,NA
3,31.48289,-92.36739,5,12,2023,5,1,1,"count",NA,"NR","DEBR",0,NA
3,31.48289,-92.36739,5,12,2023,5,1,1,"count",NA,"NR","PLMI",0,NA
3,31.48289,-92.36739,5,12,2023,5,1,1,"count",NA,"NR","PLWE",0,NA
3,31.48289,-92.36739,8,11,2024,4,1,1,"count",NA,"NR","AMAC",0,NA
3,31.48289,-92.36739,8,11,2024,4,1,1,"count",NA,"NR","AMOP",0,NA
3,31.48289,-92.36739,8,11,2024,4,1,1,"count",NA,"NR","EUPA",1,NA
3,31.48289,-92.36739,8,11,2024,4,1,1,"count",NA,"NR","DECA",1,NA
3,31.48289,-92.36739,8,11,2024,4,1,1,"count",NA,"NR","PLKI",0,NA
3,31.48289,-92.36739,8,11,2024,4,1,1,"count",NA,"NR","DCON",0,NA
3,31.48289,-92.36739,8,11,2024,4,1,1,"count",NA,"NR","PLSE",0,NA
3,31.48289,-92.36739,8,11,2024,4,1,1,"count",NA,"NR","PLAL",0,NA
3,31.48289,-92.36739,8,11,2024,4,1,1,"count",NA,"NR","DEBR",0,NA
3,31.48289,-92.36739,8,11,2024,4,1,1,"count",NA,"NR","PLMI",0,NA
3,31.48289,-92.36739,8,11,2024,4,1,1,"count",NA,"NR","PLWE",0,NA
4,31.41248,-92.3362,8,2,2024,6,1,1,"count",NA,"NR","AMAC",0,NA
4,31.41248,-92.3362,8,2,2024,6,1,1,"count",NA,"NR","AMOP",0,NA
4,31.41248,-92.3362,8,2,2024,6,1,1,"count",NA,"NR","EUPA",0,NA
4,31.41248,-92.3362,8,2,2024,6,1,1,"count",NA,"NR","DECA",0,NA
4,31.41248,-92.3362,8,2,2024,6,1,1,"count",NA,"NR","PLKI",1,NA
4,31.41248,-92.3362,8,2,2024,6,1,1,"count",NA,"NR","DCON",0,NA
4,31.41248,-92.3362,8,2,2024,6,1,1,"count",NA,"NR","PLSE",0,NA
4,31.41248,-92.3362,8,2,2024,6,1,1,"count",NA,"NR","PLAL",0,NA
4,31.41248,-92.3362,8,2,2024,6,1,1,"count",NA,"NR","DEBR",0,NA
4,31.41248,-92.3362,8,2,2024,6,1,1,"count",NA,"NR","PLMI",0,NA
4,31.41248,-92.3362,8,2,2024,6,1,1,"count",NA,"NR","PLWE",0,NA
5,31.41263,-92.3362266666667,8,11,2024,7,1,1,"count",NA,"NR","AMAC",0,NA
5,31.41263,-92.3362266666667,8,11,2024,7,1,1,"count",NA,"NR","AMOP",0,NA
5,31.41263,-92.3362266666667,8,11,2024,7,1,1,"count",NA,"NR","EUPA",0,NA
5,31.41263,-92.3362266666667,8,11,2024,7,1,1,"count",NA,"NR","DECA",0,NA
5,31.41263,-92.3362266666667,8,11,2024,7,1,1,"count",NA,"NR","PLKI",0,NA
5,31.41263,-92.3362266666667,8,11,2024,7,1,1,"count",NA,"NR","DCON",0,NA
5,31.41263,-92.3362266666667,8,11,2024,7,1,1,"count",NA,"NR","PLSE",0,NA
5,31.41263,-92.3362266666667,8,11,2024,7,1,1,"count",NA,"NR","PLAL",0,NA
5,31.41263,-92.3362266666667,8,11,2024,7,1,1,"count",NA,"NR","DEBR",0,NA
5,31.41263,-92.3362266666667,8,11,2024,7,1,1,"count",NA,"NR","PLMI",0,NA
5,31.41263,-92.3362266666667,8,11,2024,7,1,1,"count",NA,"NR","PLWE",0,NA
5,31.41263,-92.3362266666667,20,4,2022,9,1,1,"count",NA,"NR","AMAC",0,NA
5,31.41263,-92.3362266666667,20,4,2022,9,1,1,"count",NA,"NR","AMOP",1,NA
5,31.41263,-92.3362266666667,20,4,2022,9,1,1,"count",NA,"NR","EUPA",2,NA
5,31.41263,-92.3362266666667,20,4,2022,9,1,1,"count",NA,"NR","DECA",0,NA
5,31.41263,-92.3362266666667,20,4,2022,9,1,1,"count",NA,"NR","PLKI",3,NA
5,31.41263,-92.3362266666667,20,4,2022,9,1,1,"count",NA,"NR","DCON",0,NA
5,31.41263,-92.3362266666667,20,4,2022,9,1,1,"count",NA,"NR","PLSE",0,NA
5,31.41263,-92.3362266666667,20,4,2022,9,1,1,"count",NA,"NR","PLAL",0,NA
5,31.41263,-92.3362266666667,20,4,2022,9,1,1,"count",NA,"NR","DEBR",0,NA
5,31.41263,-92.3362266666667,20,4,2022,9,1,1,"count",NA,"NR","PLMI",0,NA
5,31.41263,-92.3362266666667,20,4,2022,9,1,1,"count",NA,"NR","PLWE",0,NA
5,31.41263,-92.3362266666667,22,12,2023,8,1,1,"count",NA,"NR","AMAC",0,NA
5,31.41263,-92.3362266666667,22,12,2023,8,1,1,"count",NA,"NR","AMOP",0,NA
5,31.41263,-92.3362266666667,22,12,2023,8,1,1,"count",NA,"NR","EUPA",0,NA
5,31.41263,-92.3362266666667,22,12,2023,8,1,1,"count",NA,"NR","DECA",0,NA
5,31.41263,-92.3362266666667,22,12,2023,8,1,1,"count",NA,"NR","PLKI",1,NA
5,31.41263,-92.3362266666667,22,12,2023,8,1,1,"count",NA,"NR","DCON",0,NA
5,31.41263,-92.3362266666667,22,12,2023,8,1,1,"count",NA,"NR","PLSE",0,NA
5,31.41263,-92.3362266666667,22,12,2023,8,1,1,"count",NA,"NR","PLAL",0,NA
5,31.41263,-92.3362266666667,22,12,2023,8,1,1,"count",NA,"NR","DEBR",0,NA
5,31.41263,-92.3362266666667,22,12,2023,8,1,1,"count",NA,"NR","PLMI",0,NA
5,31.41263,-92.3362266666667,22,12,2023,8,1,1,"count",NA,"NR","PLWE",0,NA
6,32.25015,-92.96775,21,12,2023,10,1,1,"count",NA,"NR","AMAC",0,NA
6,32.25015,-92.96775,21,12,2023,10,1,1,"count",NA,"NR","AMOP",0,NA
6,32.25015,-92.96775,21,12,2023,10,1,1,"count",NA,"NR","EUPA",0,NA
6,32.25015,-92.96775,21,12,2023,10,1,1,"count",NA,"NR","DECA",0,NA
6,32.25015,-92.96775,21,12,2023,10,1,1,"count",NA,"NR","PLKI",0,NA
6,32.25015,-92.96775,21,12,2023,10,1,1,"count",NA,"NR","DCON",0,NA
6,32.25015,-92.96775,21,12,2023,10,1,1,"count",NA,"NR","PLSE",0,NA
6,32.25015,-92.96775,21,12,2023,10,1,1,"count",NA,"NR","PLAL",0,NA
6,32.25015,-92.96775,21,12,2023,10,1,1,"count",NA,"NR","DEBR",0,NA
6,32.25015,-92.96775,21,12,2023,10,1,1,"count",NA,"NR","PLMI",0,NA
6,32.25015,-92.96775,21,12,2023,10,1,1,"count",NA,"NR","PLWE",0,NA
7,33.39782,-92.41435,8,2,2023,11,1,1,"count",NA,"NR","AMAC",0,NA
7,33.39782,-92.41435,8,2,2023,11,1,1,"count",NA,"NR","AMOP",0,NA
7,33.39782,-92.41435,8,2,2023,11,1,1,"count",NA,"NR","EUPA",0,NA
7,33.39782,-92.41435,8,2,2023,11,1,1,"count",NA,"NR","DECA",0,NA
7,33.39782,-92.41435,8,2,2023,11,1,1,"count",NA,"NR","PLKI",0,NA
7,33.39782,-92.41435,8,2,2023,11,1,1,"count",NA,"NR","DCON",0,NA
7,33.39782,-92.41435,8,2,2023,11,1,1,"count",NA,"NR","PLSE",0,NA
7,33.39782,-92.41435,8,2,2023,11,1,1,"count",NA,"NR","PLAL",0,NA
7,33.39782,-92.41435,8,2,2023,11,1,1,"count",NA,"NR","DEBR",0,NA
7,33.39782,-92.41435,8,2,2023,11,1,1,"count",NA,"NR","PLMI",0,NA
7,33.39782,-92.41435,8,2,2023,11,1,1,"count",NA,"NR","PLWE",0,NA
8,32.13013,-92.98485,12,12,2023,12,1,1,"count",NA,"NR","AMAC",0,NA
8,32.13013,-92.98485,12,12,2023,12,1,1,"count",NA,"NR","AMOP",0,NA
8,32.13013,-92.98485,12,12,2023,12,1,1,"count",NA,"NR","EUPA",0,NA
8,32.13013,-92.98485,12,12,2023,12,1,1,"count",NA,"NR","DECA",0,NA
8,32.13013,-92.98485,12,12,2023,12,1,1,"count",NA,"NR","PLKI",0,NA
8,32.13013,-92.98485,12,12,2023,12,1,1,"count",NA,"NR","DCON",0,NA
8,32.13013,-92.98485,12,12,2023,12,1,1,"count",NA,"NR","PLSE",0,NA
8,32.13013,-92.98485,12,12,2023,12,1,1,"count",NA,"NR","PLAL",0,NA
8,32.13013,-92.98485,12,12,2023,12,1,1,"count",NA,"NR","DEBR",0,NA
8,32.13013,-92.98485,12,12,2023,12,1,1,"count",NA,"NR","PLMI",0,NA
8,32.13013,-92.98485,12,12,2023,12,1,1,"count",NA,"NR","PLWE",0,NA
9,31.80875,-92.01298,5,12,2024,14,1,1,"count",NA,"NR","AMAC",2,NA
9,31.80875,-92.01298,5,12,2024,14,1,1,"count",NA,"NR","AMOP",0,NA
9,31.80875,-92.01298,5,12,2024,14,1,1,"count",NA,"NR","EUPA",0,NA
9,31.80875,-92.01298,5,12,2024,14,1,1,"count",NA,"NR","DECA",0,NA
9,31.80875,-92.01298,5,12,2024,14,1,1,"count",NA,"NR","PLKI",0,NA
9,31.80875,-92.01298,5,12,2024,14,1,1,"count",NA,"NR","DCON",0,NA
9,31.80875,-92.01298,5,12,2024,14,1,1,"count",NA,"NR","PLSE",0,NA
9,31.80875,-92.01298,5,12,2024,14,1,1,"count",NA,"NR","PLAL",0,NA
9,31.80875,-92.01298,5,12,2024,14,1,1,"count",NA,"NR","DEBR",0,NA
9,31.80875,-92.01298,5,12,2024,14,1,1,"count",NA,"NR","PLMI",0,NA
9,31.80875,-92.01298,5,12,2024,14,1,1,"count",NA,"NR","PLWE",0,NA
9,31.80875,-92.01298,21,12,2022,13,1,1,"count",NA,"NR","AMAC",0,NA
9,31.80875,-92.01298,21,12,2022,13,1,1,"count",NA,"NR","AMOP",1,NA
9,31.80875,-92.01298,21,12,2022,13,1,1,"count",NA,"NR","EUPA",0,NA
9,31.80875,-92.01298,21,12,2022,13,1,1,"count",NA,"NR","DECA",0,NA
9,31.80875,-92.01298,21,12,2022,13,1,1,"count",NA,"NR","PLKI",0,NA
9,31.80875,-92.01298,21,12,2022,13,1,1,"count",NA,"NR","DCON",0,NA
9,31.80875,-92.01298,21,12,2022,13,1,1,"count",NA,"NR","PLSE",0,NA
9,31.80875,-92.01298,21,12,2022,13,1,1,"count",NA,"NR","PLAL",0,NA
9,31.80875,-92.01298,21,12,2022,13,1,1,"count",NA,"NR","DEBR",0,NA
9,31.80875,-92.01298,21,12,2022,13,1,1,"count",NA,"NR","PLMI",0,NA
9,31.80875,-92.01298,21,12,2022,13,1,1,"count",NA,"NR","PLWE",0,NA
10,31.43989,-92.74651,5,1,2023,15,1,1,"count",NA,"NR","AMAC",1,NA
10,31.43989,-92.74651,5,1,2023,15,1,1,"count",NA,"NR","AMOP",0,NA
10,31.43989,-92.74651,5,1,2023,15,1,1,"count",NA,"NR","EUPA",2,NA
10,31.43989,-92.74651,5,1,2023,15,1,1,"count",NA,"NR","DECA",0,NA
10,31.43989,-92.74651,5,1,2023,15,1,1,"count",NA,"NR","PLKI",0,NA
10,31.43989,-92.74651,5,1,2023,15,1,1,"count",NA,"NR","DCON",0,NA
10,31.43989,-92.74651,5,1,2023,15,1,1,"count",NA,"NR","PLSE",0,NA
10,31.43989,-92.74651,5,1,2023,15,1,1,"count",NA,"NR","PLAL",0,NA
10,31.43989,-92.74651,5,1,2023,15,1,1,"count",NA,"NR","DEBR",0,NA
10,31.43989,-92.74651,5,1,2023,15,1,1,"count",NA,"NR","PLMI",0,NA
10,31.43989,-92.74651,5,1,2023,15,1,1,"count",NA,"NR","PLWE",0,NA
10,31.43989,-92.74651,8,11,2024,16,1,1,"count",NA,"NR","AMAC",1,NA
10,31.43989,-92.74651,8,11,2024,16,1,1,"count",NA,"NR","AMOP",2,NA
10,31.43989,-92.74651,8,11,2024,16,1,1,"count",NA,"NR","EUPA",0,NA
10,31.43989,-92.74651,8,11,2024,16,1,1,"count",NA,"NR","DECA",0,NA
10,31.43989,-92.74651,8,11,2024,16,1,1,"count",NA,"NR","PLKI",0,NA
10,31.43989,-92.74651,8,11,2024,16,1,1,"count",NA,"NR","DCON",0,NA
10,31.43989,-92.74651,8,11,2024,16,1,1,"count",NA,"NR","PLSE",0,NA
10,31.43989,-92.74651,8,11,2024,16,1,1,"count",NA,"NR","PLAL",0,NA
10,31.43989,-92.74651,8,11,2024,16,1,1,"count",NA,"NR","DEBR",0,NA
10,31.43989,-92.74651,8,11,2024,16,1,1,"count",NA,"NR","PLMI",0,NA
10,31.43989,-92.74651,8,11,2024,16,1,1,"count",NA,"NR","PLWE",0,NA
10,31.43989,-92.74651,16,2,2024,17,1,1,"count",NA,"NR","AMAC",0,NA
10,31.43989,-92.74651,16,2,2024,17,1,1,"count",NA,"NR","AMOP",0,NA
10,31.43989,-92.74651,16,2,2024,17,1,1,"count",NA,"NR","EUPA",0,NA
10,31.43989,-92.74651,16,2,2024,17,1,1,"count",NA,"NR","DECA",0,NA
10,31.43989,-92.74651,16,2,2024,17,1,1,"count",NA,"NR","PLKI",0,NA
10,31.43989,-92.74651,16,2,2024,17,1,1,"count",NA,"NR","DCON",0,NA
10,31.43989,-92.74651,16,2,2024,17,1,1,"count",NA,"NR","PLSE",0,NA
10,31.43989,-92.74651,16,2,2024,17,1,1,"count",NA,"NR","PLAL",0,NA
10,31.43989,-92.74651,16,2,2024,17,1,1,"count",NA,"NR","DEBR",0,NA
10,31.43989,-92.74651,16,2,2024,17,1,1,"count",NA,"NR","PLMI",0,NA
10,31.43989,-92.74651,16,2,2024,17,1,1,"count",NA,"NR","PLWE",0,NA
11,31.8753,-91.92122,5,12,2024,19,1,1,"count",NA,"NR","AMAC",0,NA
11,31.8753,-91.92122,5,12,2024,19,1,1,"count",NA,"NR","AMOP",0,NA
11,31.8753,-91.92122,5,12,2024,19,1,1,"count",NA,"NR","EUPA",0,NA
11,31.8753,-91.92122,5,12,2024,19,1,1,"count",NA,"NR","DECA",0,NA
11,31.8753,-91.92122,5,12,2024,19,1,1,"count",NA,"NR","PLKI",0,NA
11,31.8753,-91.92122,5,12,2024,19,1,1,"count",NA,"NR","DCON",0,NA
11,31.8753,-91.92122,5,12,2024,19,1,1,"count",NA,"NR","PLSE",0,NA
11,31.8753,-91.92122,5,12,2024,19,1,1,"count",NA,"NR","PLAL",0,NA
11,31.8753,-91.92122,5,12,2024,19,1,1,"count",NA,"NR","DEBR",0,NA
11,31.8753,-91.92122,5,12,2024,19,1,1,"count",NA,"NR","PLMI",0,NA
11,31.8753,-91.92122,5,12,2024,19,1,1,"count",NA,"NR","PLWE",0,NA
11,31.8753,-91.92122,21,12,2022,18,1,1,"count",NA,"NR","AMAC",0,NA
11,31.8753,-91.92122,21,12,2022,18,1,1,"count",NA,"NR","AMOP",0,NA
11,31.8753,-91.92122,21,12,2022,18,1,1,"count",NA,"NR","EUPA",0,NA
11,31.8753,-91.92122,21,12,2022,18,1,1,"count",NA,"NR","DECA",0,NA
11,31.8753,-91.92122,21,12,2022,18,1,1,"count",NA,"NR","PLKI",0,NA
11,31.8753,-91.92122,21,12,2022,18,1,1,"count",NA,"NR","DCON",1,NA
11,31.8753,-91.92122,21,12,2022,18,1,1,"count",NA,"NR","PLSE",0,NA
11,31.8753,-91.92122,21,12,2022,18,1,1,"count",NA,"NR","PLAL",0,NA
11,31.8753,-91.92122,21,12,2022,18,1,1,"count",NA,"NR","DEBR",0,NA
11,31.8753,-91.92122,21,12,2022,18,1,1,"count",NA,"NR","PLMI",0,NA
11,31.8753,-91.92122,21,12,2022,18,1,1,"count",NA,"NR","PLWE",0,NA
12,31.52389,-93.07048,1,2,2024,22,1,1,"count",NA,"NR","AMAC",0,NA
12,31.52389,-93.07048,1,2,2024,22,1,1,"count",NA,"NR","AMOP",0,NA
12,31.52389,-93.07048,1,2,2024,22,1,1,"count",NA,"NR","EUPA",0,NA
12,31.52389,-93.07048,1,2,2024,22,1,1,"count",NA,"NR","DECA",0,NA
12,31.52389,-93.07048,1,2,2024,22,1,1,"count",NA,"NR","PLKI",0,NA
12,31.52389,-93.07048,1,2,2024,22,1,1,"count",NA,"NR","DCON",0,NA
12,31.52389,-93.07048,1,2,2024,22,1,1,"count",NA,"NR","PLSE",7,NA
12,31.52389,-93.07048,1,2,2024,22,1,1,"count",NA,"NR","PLAL",0,NA
12,31.52389,-93.07048,1,2,2024,22,1,1,"count",NA,"NR","DEBR",0,NA
12,31.52389,-93.07048,1,2,2024,22,1,1,"count",NA,"NR","PLMI",0,NA
12,31.52389,-93.07048,1,2,2024,22,1,1,"count",NA,"NR","PLWE",0,NA
12,31.52389,-93.07048,10,12,2024,20,1,1,"count",NA,"NR","AMAC",0,NA
12,31.52389,-93.07048,10,12,2024,20,1,1,"count",NA,"NR","AMOP",0,NA
12,31.52389,-93.07048,10,12,2024,20,1,1,"count",NA,"NR","EUPA",0,NA
12,31.52389,-93.07048,10,12,2024,20,1,1,"count",NA,"NR","DECA",0,NA
12,31.52389,-93.07048,10,12,2024,20,1,1,"count",NA,"NR","PLKI",0,NA
12,31.52389,-93.07048,10,12,2024,20,1,1,"count",NA,"NR","DCON",0,NA
12,31.52389,-93.07048,10,12,2024,20,1,1,"count",NA,"NR","PLSE",4,NA
12,31.52389,-93.07048,10,12,2024,20,1,1,"count",NA,"NR","PLAL",0,NA
12,31.52389,-93.07048,10,12,2024,20,1,1,"count",NA,"NR","DEBR",0,NA
12,31.52389,-93.07048,10,12,2024,20,1,1,"count",NA,"NR","PLMI",0,NA
12,31.52389,-93.07048,10,12,2024,20,1,1,"count",NA,"NR","PLWE",0,NA
12,31.52389,-93.07048,17,12,2024,21,1,1,"count",NA,"NR","AMAC",0,NA
12,31.52389,-93.07048,17,12,2024,21,1,1,"count",NA,"NR","AMOP",0,NA
12,31.52389,-93.07048,17,12,2024,21,1,1,"count",NA,"NR","EUPA",0,NA
12,31.52389,-93.07048,17,12,2024,21,1,1,"count",NA,"NR","DECA",0,NA
12,31.52389,-93.07048,17,12,2024,21,1,1,"count",NA,"NR","PLKI",0,NA
12,31.52389,-93.07048,17,12,2024,21,1,1,"count",NA,"NR","DCON",0,NA
12,31.52389,-93.07048,17,12,2024,21,1,1,"count",NA,"NR","PLSE",7,NA
12,31.52389,-93.07048,17,12,2024,21,1,1,"count",NA,"NR","PLAL",0,NA
12,31.52389,-93.07048,17,12,2024,21,1,1,"count",NA,"NR","DEBR",0,NA
12,31.52389,-93.07048,17,12,2024,21,1,1,"count",NA,"NR","PLMI",0,NA
12,31.52389,-93.07048,17,12,2024,21,1,1,"count",NA,"NR","PLWE",0,NA
13,31.52279,-93.05505,1,2,2024,24,1,1,"count",NA,"NR","AMAC",0,NA
13,31.52279,-93.05505,1,2,2024,24,1,1,"count",NA,"NR","AMOP",0,NA
13,31.52279,-93.05505,1,2,2024,24,1,1,"count",NA,"NR","EUPA",2,NA
13,31.52279,-93.05505,1,2,2024,24,1,1,"count",NA,"NR","DECA",0,NA
13,31.52279,-93.05505,1,2,2024,24,1,1,"count",NA,"NR","PLKI",0,NA
13,31.52279,-93.05505,1,2,2024,24,1,1,"count",NA,"NR","DCON",0,NA
13,31.52279,-93.05505,1,2,2024,24,1,1,"count",NA,"NR","PLSE",6,NA
13,31.52279,-93.05505,1,2,2024,24,1,1,"count",NA,"NR","PLAL",0,NA
13,31.52279,-93.05505,1,2,2024,24,1,1,"count",NA,"NR","DEBR",0,NA
13,31.52279,-93.05505,1,2,2024,24,1,1,"count",NA,"NR","PLMI",0,NA
13,31.52279,-93.05505,1,2,2024,24,1,1,"count",NA,"NR","PLWE",0,NA
13,31.52279,-93.05505,17,12,2024,23,1,1,"count",NA,"NR","AMAC",0,NA
13,31.52279,-93.05505,17,12,2024,23,1,1,"count",NA,"NR","AMOP",0,NA
13,31.52279,-93.05505,17,12,2024,23,1,1,"count",NA,"NR","EUPA",2,NA
13,31.52279,-93.05505,17,12,2024,23,1,1,"count",NA,"NR","DECA",0,NA
13,31.52279,-93.05505,17,12,2024,23,1,1,"count",NA,"NR","PLKI",0,NA
13,31.52279,-93.05505,17,12,2024,23,1,1,"count",NA,"NR","DCON",0,NA
13,31.52279,-93.05505,17,12,2024,23,1,1,"count",NA,"NR","PLSE",6,NA
13,31.52279,-93.05505,17,12,2024,23,1,1,"count",NA,"NR","PLAL",0,NA
13,31.52279,-93.05505,17,12,2024,23,1,1,"count",NA,"NR","DEBR",0,NA
13,31.52279,-93.05505,17,12,2024,23,1,1,"count",NA,"NR","PLMI",0,NA
13,31.52279,-93.05505,17,12,2024,23,1,1,"count",NA,"NR","PLWE",0,NA
14,33.3856,-92.9854,9,2,2023,25,1,1,"count",NA,"NR","AMAC",0,NA
14,33.3856,-92.9854,9,2,2023,25,1,1,"count",NA,"NR","AMOP",0,NA
14,33.3856,-92.9854,9,2,2023,25,1,1,"count",NA,"NR","EUPA",1,NA
14,33.3856,-92.9854,9,2,2023,25,1,1,"count",NA,"NR","DECA",0,NA
14,33.3856,-92.9854,9,2,2023,25,1,1,"count",NA,"NR","PLKI",0,NA
14,33.3856,-92.9854,9,2,2023,25,1,1,"count",NA,"NR","DCON",0,NA
14,33.3856,-92.9854,9,2,2023,25,1,1,"count",NA,"NR","PLSE",0,NA
14,33.3856,-92.9854,9,2,2023,25,1,1,"count",NA,"NR","PLAL",0,NA
14,33.3856,-92.9854,9,2,2023,25,1,1,"count",NA,"NR","DEBR",0,NA
14,33.3856,-92.9854,9,2,2023,25,1,1,"count",NA,"NR","PLMI",0,NA
14,33.3856,-92.9854,9,2,2023,25,1,1,"count",NA,"NR","PLWE",0,NA
15,31.54375,-93.096651,10,12,2024,26,1,1,"count",NA,"NR","AMAC",0,NA
15,31.54375,-93.096651,10,12,2024,26,1,1,"count",NA,"NR","AMOP",0,NA
15,31.54375,-93.096651,10,12,2024,26,1,1,"count",NA,"NR","EUPA",1,NA
15,31.54375,-93.096651,10,12,2024,26,1,1,"count",NA,"NR","DECA",0,NA
15,31.54375,-93.096651,10,12,2024,26,1,1,"count",NA,"NR","PLKI",0,NA
15,31.54375,-93.096651,10,12,2024,26,1,1,"count",NA,"NR","DCON",0,NA
15,31.54375,-93.096651,10,12,2024,26,1,1,"count",NA,"NR","PLSE",0,NA
15,31.54375,-93.096651,10,12,2024,26,1,1,"count",NA,"NR","PLAL",0,NA
15,31.54375,-93.096651,10,12,2024,26,1,1,"count",NA,"NR","DEBR",0,NA
15,31.54375,-93.096651,10,12,2024,26,1,1,"count",NA,"NR","PLMI",0,NA
15,31.54375,-93.096651,10,12,2024,26,1,1,"count",NA,"NR","PLWE",0,NA
16,31.52793,-93.08021,10,12,2024,27,1,1,"count",NA,"NR","AMAC",0,NA
16,31.52793,-93.08021,10,12,2024,27,1,1,"count",NA,"NR","AMOP",0,NA
16,31.52793,-93.08021,10,12,2024,27,1,1,"count",NA,"NR","EUPA",1,NA
16,31.52793,-93.08021,10,12,2024,27,1,1,"count",NA,"NR","DECA",0,NA
16,31.52793,-93.08021,10,12,2024,27,1,1,"count",NA,"NR","PLKI",0,NA
16,31.52793,-93.08021,10,12,2024,27,1,1,"count",NA,"NR","DCON",0,NA
16,31.52793,-93.08021,10,12,2024,27,1,1,"count",NA,"NR","PLSE",0,NA
16,31.52793,-93.08021,10,12,2024,27,1,1,"count",NA,"NR","PLAL",0,NA
16,31.52793,-93.08021,10,12,2024,27,1,1,"count",NA,"NR","DEBR",0,NA
16,31.52793,-93.08021,10,12,2024,27,1,1,"count",NA,"NR","PLMI",0,NA
16,31.52793,-93.08021,10,12,2024,27,1,1,"count",NA,"NR","PLWE",0,NA
17,33.24236,-92.27026,9,2,2023,28,1,1,"count",NA,"NR","AMAC",0,NA
17,33.24236,-92.27026,9,2,2023,28,1,1,"count",NA,"NR","AMOP",0,NA
17,33.24236,-92.27026,9,2,2023,28,1,1,"count",NA,"NR","EUPA",0,NA
17,33.24236,-92.27026,9,2,2023,28,1,1,"count",NA,"NR","DECA",0,NA
17,33.24236,-92.27026,9,2,2023,28,1,1,"count",NA,"NR","PLKI",0,NA
17,33.24236,-92.27026,9,2,2023,28,1,1,"count",NA,"NR","DCON",0,NA
17,33.24236,-92.27026,9,2,2023,28,1,1,"count",NA,"NR","PLSE",0,NA
17,33.24236,-92.27026,9,2,2023,28,1,1,"count",NA,"NR","PLAL",0,NA
17,33.24236,-92.27026,9,2,2023,28,1,1,"count",NA,"NR","DEBR",0,NA
17,33.24236,-92.27026,9,2,2023,28,1,1,"count",NA,"NR","PLMI",0,NA
17,33.24236,-92.27026,9,2,2023,28,1,1,"count",NA,"NR","PLWE",0,NA
18,32.26442,-92.25721,21,12,2023,29,1,1,"count",NA,"NR","AMAC",0,NA
18,32.26442,-92.25721,21,12,2023,29,1,1,"count",NA,"NR","AMOP",0,NA
18,32.26442,-92.25721,21,12,2023,29,1,1,"count",NA,"NR","EUPA",0,NA
18,32.26442,-92.25721,21,12,2023,29,1,1,"count",NA,"NR","DECA",0,NA
18,32.26442,-92.25721,21,12,2023,29,1,1,"count",NA,"NR","PLKI",0,NA
18,32.26442,-92.25721,21,12,2023,29,1,1,"count",NA,"NR","DCON",0,NA
18,32.26442,-92.25721,21,12,2023,29,1,1,"count",NA,"NR","PLSE",0,NA
18,32.26442,-92.25721,21,12,2023,29,1,1,"count",NA,"NR","PLAL",0,NA
18,32.26442,-92.25721,21,12,2023,29,1,1,"count",NA,"NR","DEBR",0,NA
18,32.26442,-92.25721,21,12,2023,29,1,1,"count",NA,"NR","PLMI",0,NA
18,32.26442,-92.25721,21,12,2023,29,1,1,"count",NA,"NR","PLWE",0,NA
19,31.49634,-92.52035,15,3,2023,30,1,1,"count",NA,"NR","AMAC",0,NA
19,31.49634,-92.52035,15,3,2023,30,1,1,"count",NA,"NR","AMOP",1,NA
19,31.49634,-92.52035,15,3,2023,30,1,1,"count",NA,"NR","EUPA",0,NA
19,31.49634,-92.52035,15,3,2023,30,1,1,"count",NA,"NR","DECA",0,NA
19,31.49634,-92.52035,15,3,2023,30,1,1,"count",NA,"NR","PLKI",0,NA
19,31.49634,-92.52035,15,3,2023,30,1,1,"count",NA,"NR","DCON",0,NA
19,31.49634,-92.52035,15,3,2023,30,1,1,"count",NA,"NR","PLSE",0,NA
19,31.49634,-92.52035,15,3,2023,30,1,1,"count",NA,"NR","PLAL",0,NA
19,31.49634,-92.52035,15,3,2023,30,1,1,"count",NA,"NR","DEBR",0,NA
19,31.49634,-92.52035,15,3,2023,30,1,1,"count",NA,"NR","PLMI",0,NA
19,31.49634,-92.52035,15,3,2023,30,1,1,"count",NA,"NR","PLWE",0,NA
20,31.85398,-91.92744,5,12,2024,32,1,1,"count",NA,"NR","AMAC",1,NA
20,31.85398,-91.92744,5,12,2024,32,1,1,"count",NA,"NR","AMOP",1,NA
20,31.85398,-91.92744,5,12,2024,32,1,1,"count",NA,"NR","EUPA",0,NA
20,31.85398,-91.92744,5,12,2024,32,1,1,"count",NA,"NR","DECA",0,NA
20,31.85398,-91.92744,5,12,2024,32,1,1,"count",NA,"NR","PLKI",0,NA
20,31.85398,-91.92744,5,12,2024,32,1,1,"count",NA,"NR","DCON",0,NA
20,31.85398,-91.92744,5,12,2024,32,1,1,"count",NA,"NR","PLSE",0,NA
20,31.85398,-91.92744,5,12,2024,32,1,1,"count",NA,"NR","PLAL",0,NA
20,31.85398,-91.92744,5,12,2024,32,1,1,"count",NA,"NR","DEBR",0,NA
20,31.85398,-91.92744,5,12,2024,32,1,1,"count",NA,"NR","PLMI",0,NA
20,31.85398,-91.92744,5,12,2024,32,1,1,"count",NA,"NR","PLWE",0,NA
20,31.85398,-91.92744,21,12,2022,31,1,1,"count",NA,"NR","AMAC",0,NA
20,31.85398,-91.92744,21,12,2022,31,1,1,"count",NA,"NR","AMOP",1,NA
20,31.85398,-91.92744,21,12,2022,31,1,1,"count",NA,"NR","EUPA",0,NA
20,31.85398,-91.92744,21,12,2022,31,1,1,"count",NA,"NR","DECA",0,NA
20,31.85398,-91.92744,21,12,2022,31,1,1,"count",NA,"NR","PLKI",1,NA
20,31.85398,-91.92744,21,12,2022,31,1,1,"count",NA,"NR","DCON",0,NA
20,31.85398,-91.92744,21,12,2022,31,1,1,"count",NA,"NR","PLSE",0,NA
20,31.85398,-91.92744,21,12,2022,31,1,1,"count",NA,"NR","PLAL",0,NA
20,31.85398,-91.92744,21,12,2022,31,1,1,"count",NA,"NR","DEBR",0,NA
20,31.85398,-91.92744,21,12,2022,31,1,1,"count",NA,"NR","PLMI",0,NA
20,31.85398,-91.92744,21,12,2022,31,1,1,"count",NA,"NR","PLWE",0,NA
21,31.85958,-91.94666,5,12,2024,33,1,1,"count",NA,"NR","AMAC",0,NA
21,31.85958,-91.94666,5,12,2024,33,1,1,"count",NA,"NR","AMOP",0,NA
21,31.85958,-91.94666,5,12,2024,33,1,1,"count",NA,"NR","EUPA",0,NA
21,31.85958,-91.94666,5,12,2024,33,1,1,"count",NA,"NR","DECA",0,NA
21,31.85958,-91.94666,5,12,2024,33,1,1,"count",NA,"NR","PLKI",0,NA
21,31.85958,-91.94666,5,12,2024,33,1,1,"count",NA,"NR","DCON",0,NA
21,31.85958,-91.94666,5,12,2024,33,1,1,"count",NA,"NR","PLSE",0,NA
21,31.85958,-91.94666,5,12,2024,33,1,1,"count",NA,"NR","PLAL",0,NA
21,31.85958,-91.94666,5,12,2024,33,1,1,"count",NA,"NR","DEBR",0,NA
21,31.85958,-91.94666,5,12,2024,33,1,1,"count",NA,"NR","PLMI",0,NA
21,31.85958,-91.94666,5,12,2024,33,1,1,"count",NA,"NR","PLWE",0,NA
22,33.47682,-92.57794,8,2,2023,34,1,1,"count",NA,"NR","AMAC",0,NA
22,33.47682,-92.57794,8,2,2023,34,1,1,"count",NA,"NR","AMOP",1,NA
22,33.47682,-92.57794,8,2,2023,34,1,1,"count",NA,"NR","EUPA",1,NA
22,33.47682,-92.57794,8,2,2023,34,1,1,"count",NA,"NR","DECA",0,NA
22,33.47682,-92.57794,8,2,2023,34,1,1,"count",NA,"NR","PLKI",0,NA
22,33.47682,-92.57794,8,2,2023,34,1,1,"count",NA,"NR","DCON",0,NA
22,33.47682,-92.57794,8,2,2023,34,1,1,"count",NA,"NR","PLSE",0,NA
22,33.47682,-92.57794,8,2,2023,34,1,1,"count",NA,"NR","PLAL",2,NA
22,33.47682,-92.57794,8,2,2023,34,1,1,"count",NA,"NR","DEBR",0,NA
22,33.47682,-92.57794,8,2,2023,34,1,1,"count",NA,"NR","PLMI",0,NA
22,33.47682,-92.57794,8,2,2023,34,1,1,"count",NA,"NR","PLWE",0,NA
23,32.25857,-92.5156,22,12,2023,35,1,1,"count",NA,"NR","AMAC",0,NA
23,32.25857,-92.5156,22,12,2023,35,1,1,"count",NA,"NR","AMOP",0,NA
23,32.25857,-92.5156,22,12,2023,35,1,1,"count",NA,"NR","EUPA",1,NA
23,32.25857,-92.5156,22,12,2023,35,1,1,"count",NA,"NR","DECA",0,NA
23,32.25857,-92.5156,22,12,2023,35,1,1,"count",NA,"NR","PLKI",0,NA
23,32.25857,-92.5156,22,12,2023,35,1,1,"count",NA,"NR","DCON",0,NA
23,32.25857,-92.5156,22,12,2023,35,1,1,"count",NA,"NR","PLSE",0,NA
23,32.25857,-92.5156,22,12,2023,35,1,1,"count",NA,"NR","PLAL",0,NA
23,32.25857,-92.5156,22,12,2023,35,1,1,"count",NA,"NR","DEBR",0,NA
23,32.25857,-92.5156,22,12,2023,35,1,1,"count",NA,"NR","PLMI",0,NA
23,32.25857,-92.5156,22,12,2023,35,1,1,"count",NA,"NR","PLWE",0,NA
24,31.84595,-91.83939,5,12,2024,36,1,1,"count",NA,"NR","AMAC",0,NA
24,31.84595,-91.83939,5,12,2024,36,1,1,"count",NA,"NR","AMOP",0,NA
24,31.84595,-91.83939,5,12,2024,36,1,1,"count",NA,"NR","EUPA",0,NA
24,31.84595,-91.83939,5,12,2024,36,1,1,"count",NA,"NR","DECA",0,NA
24,31.84595,-91.83939,5,12,2024,36,1,1,"count",NA,"NR","PLKI",0,NA
24,31.84595,-91.83939,5,12,2024,36,1,1,"count",NA,"NR","DCON",0,NA
24,31.84595,-91.83939,5,12,2024,36,1,1,"count",NA,"NR","PLSE",0,NA
24,31.84595,-91.83939,5,12,2024,36,1,1,"count",NA,"NR","PLAL",0,NA
24,31.84595,-91.83939,5,12,2024,36,1,1,"count",NA,"NR","DEBR",0,NA
24,31.84595,-91.83939,5,12,2024,36,1,1,"count",NA,"NR","PLMI",0,NA
24,31.84595,-91.83939,5,12,2024,36,1,1,"count",NA,"NR","PLWE",0,NA
25,31.81624,-92.02829,5,12,2024,37,1,1,"count",NA,"NR","AMAC",0,NA
25,31.81624,-92.02829,5,12,2024,37,1,1,"count",NA,"NR","AMOP",0,NA
25,31.81624,-92.02829,5,12,2024,37,1,1,"count",NA,"NR","EUPA",0,NA
25,31.81624,-92.02829,5,12,2024,37,1,1,"count",NA,"NR","DECA",0,NA
25,31.81624,-92.02829,5,12,2024,37,1,1,"count",NA,"NR","PLKI",0,NA
25,31.81624,-92.02829,5,12,2024,37,1,1,"count",NA,"NR","DCON",0,NA
25,31.81624,-92.02829,5,12,2024,37,1,1,"count",NA,"NR","PLSE",0,NA
25,31.81624,-92.02829,5,12,2024,37,1,1,"count",NA,"NR","PLAL",0,NA
25,31.81624,-92.02829,5,12,2024,37,1,1,"count",NA,"NR","DEBR",0,NA
25,31.81624,-92.02829,5,12,2024,37,1,1,"count",NA,"NR","PLMI",0,NA
25,31.81624,-92.02829,5,12,2024,37,1,1,"count",NA,"NR","PLWE",0,NA
26,31.516135,-92.445085,15,3,2023,39,1,1,"count",NA,"NR","AMAC",0,NA
26,31.516135,-92.445085,15,3,2023,39,1,1,"count",NA,"NR","AMOP",0,NA
26,31.516135,-92.445085,15,3,2023,39,1,1,"count",NA,"NR","EUPA",1,NA
26,31.516135,-92.445085,15,3,2023,39,1,1,"count",NA,"NR","DECA",0,NA
26,31.516135,-92.445085,15,3,2023,39,1,1,"count",NA,"NR","PLKI",0,NA
26,31.516135,-92.445085,15,3,2023,39,1,1,"count",NA,"NR","DCON",0,NA
26,31.516135,-92.445085,15,3,2023,39,1,1,"count",NA,"NR","PLSE",0,NA
26,31.516135,-92.445085,15,3,2023,39,1,1,"count",NA,"NR","PLAL",0,NA
26,31.516135,-92.445085,15,3,2023,39,1,1,"count",NA,"NR","DEBR",0,NA
26,31.516135,-92.445085,15,3,2023,39,1,1,"count",NA,"NR","PLMI",0,NA
26,31.516135,-92.445085,15,3,2023,39,1,1,"count",NA,"NR","PLWE",0,NA
26,31.516135,-92.445085,15,11,2024,38,1,1,"count",NA,"NR","AMAC",0,NA
26,31.516135,-92.445085,15,11,2024,38,1,1,"count",NA,"NR","AMOP",0,NA
26,31.516135,-92.445085,15,11,2024,38,1,1,"count",NA,"NR","EUPA",0,NA
26,31.516135,-92.445085,15,11,2024,38,1,1,"count",NA,"NR","DECA",0,NA
26,31.516135,-92.445085,15,11,2024,38,1,1,"count",NA,"NR","PLKI",0,NA
26,31.516135,-92.445085,15,11,2024,38,1,1,"count",NA,"NR","DCON",0,NA
26,31.516135,-92.445085,15,11,2024,38,1,1,"count",NA,"NR","PLSE",0,NA
26,31.516135,-92.445085,15,11,2024,38,1,1,"count",NA,"NR","PLAL",0,NA
26,31.516135,-92.445085,15,11,2024,38,1,1,"count",NA,"NR","DEBR",0,NA
26,31.516135,-92.445085,15,11,2024,38,1,1,"count",NA,"NR","PLMI",0,NA
26,31.516135,-92.445085,15,11,2024,38,1,1,"count",NA,"NR","PLWE",0,NA
27,31.4454333333333,-93.0932333333333,5,1,2023,40,1,1,"count",NA,"NR","AMAC",0,NA
27,31.4454333333333,-93.0932333333333,5,1,2023,40,1,1,"count",NA,"NR","AMOP",0,NA
27,31.4454333333333,-93.0932333333333,5,1,2023,40,1,1,"count",NA,"NR","EUPA",0,NA
27,31.4454333333333,-93.0932333333333,5,1,2023,40,1,1,"count",NA,"NR","DECA",0,NA
27,31.4454333333333,-93.0932333333333,5,1,2023,40,1,1,"count",NA,"NR","PLKI",0,NA
27,31.4454333333333,-93.0932333333333,5,1,2023,40,1,1,"count",NA,"NR","DCON",0,NA
27,31.4454333333333,-93.0932333333333,5,1,2023,40,1,1,"count",NA,"NR","PLSE",0,NA
27,31.4454333333333,-93.0932333333333,5,1,2023,40,1,1,"count",NA,"NR","PLAL",0,NA
27,31.4454333333333,-93.0932333333333,5,1,2023,40,1,1,"count",NA,"NR","DEBR",0,NA
27,31.4454333333333,-93.0932333333333,5,1,2023,40,1,1,"count",NA,"NR","PLMI",0,NA
27,31.4454333333333,-93.0932333333333,5,1,2023,40,1,1,"count",NA,"NR","PLWE",0,NA
27,31.4454333333333,-93.0932333333333,16,2,2024,42,1,1,"count",NA,"NR","AMAC",0,NA
27,31.4454333333333,-93.0932333333333,16,2,2024,42,1,1,"count",NA,"NR","AMOP",0,NA
27,31.4454333333333,-93.0932333333333,16,2,2024,42,1,1,"count",NA,"NR","EUPA",1,NA
27,31.4454333333333,-93.0932333333333,16,2,2024,42,1,1,"count",NA,"NR","DECA",0,NA
27,31.4454333333333,-93.0932333333333,16,2,2024,42,1,1,"count",NA,"NR","PLKI",0,NA
27,31.4454333333333,-93.0932333333333,16,2,2024,42,1,1,"count",NA,"NR","DCON",0,NA
27,31.4454333333333,-93.0932333333333,16,2,2024,42,1,1,"count",NA,"NR","PLSE",0,NA
27,31.4454333333333,-93.0932333333333,16,2,2024,42,1,1,"count",NA,"NR","PLAL",0,NA
27,31.4454333333333,-93.0932333333333,16,2,2024,42,1,1,"count",NA,"NR","DEBR",0,NA
27,31.4454333333333,-93.0932333333333,16,2,2024,42,1,1,"count",NA,"NR","PLMI",0,NA
27,31.4454333333333,-93.0932333333333,16,2,2024,42,1,1,"count",NA,"NR","PLWE",0,NA
27,31.4454333333333,-93.0932333333333,17,12,2024,41,1,1,"count",NA,"NR","AMAC",1,NA
27,31.4454333333333,-93.0932333333333,17,12,2024,41,1,1,"count",NA,"NR","AMOP",1,NA
27,31.4454333333333,-93.0932333333333,17,12,2024,41,1,1,"count",NA,"NR","EUPA",2,NA
27,31.4454333333333,-93.0932333333333,17,12,2024,41,1,1,"count",NA,"NR","DECA",0,NA
27,31.4454333333333,-93.0932333333333,17,12,2024,41,1,1,"count",NA,"NR","PLKI",0,NA
27,31.4454333333333,-93.0932333333333,17,12,2024,41,1,1,"count",NA,"NR","DCON",0,NA
27,31.4454333333333,-93.0932333333333,17,12,2024,41,1,1,"count",NA,"NR","PLSE",0,NA
27,31.4454333333333,-93.0932333333333,17,12,2024,41,1,1,"count",NA,"NR","PLAL",0,NA
27,31.4454333333333,-93.0932333333333,17,12,2024,41,1,1,"count",NA,"NR","DEBR",0,NA
27,31.4454333333333,-93.0932333333333,17,12,2024,41,1,1,"count",NA,"NR","PLMI",0,NA
27,31.4454333333333,-93.0932333333333,17,12,2024,41,1,1,"count",NA,"NR","PLWE",0,NA
28,31.48404,-92.38392,14,12,2023,43,1,1,"count",NA,"NR","AMAC",0,NA
28,31.48404,-92.38392,14,12,2023,43,1,1,"count",NA,"NR","AMOP",0,NA
28,31.48404,-92.38392,14,12,2023,43,1,1,"count",NA,"NR","EUPA",0,NA
28,31.48404,-92.38392,14,12,2023,43,1,1,"count",NA,"NR","DECA",0,NA
28,31.48404,-92.38392,14,12,2023,43,1,1,"count",NA,"NR","PLKI",0,NA
28,31.48404,-92.38392,14,12,2023,43,1,1,"count",NA,"NR","DCON",0,NA
28,31.48404,-92.38392,14,12,2023,43,1,1,"count",NA,"NR","PLSE",0,NA
28,31.48404,-92.38392,14,12,2023,43,1,1,"count",NA,"NR","PLAL",0,NA
28,31.48404,-92.38392,14,12,2023,43,1,1,"count",NA,"NR","DEBR",0,NA
28,31.48404,-92.38392,14,12,2023,43,1,1,"count",NA,"NR","PLMI",0,NA
28,31.48404,-92.38392,14,12,2023,43,1,1,"count",NA,"NR","PLWE",0,NA
29,31.46043,-92.95919,1,2,2024,44,1,1,"count",NA,"NR","AMAC",0,NA
29,31.46043,-92.95919,1,2,2024,44,1,1,"count",NA,"NR","AMOP",0,NA
29,31.46043,-92.95919,1,2,2024,44,1,1,"count",NA,"NR","EUPA",0,NA
29,31.46043,-92.95919,1,2,2024,44,1,1,"count",NA,"NR","DECA",0,NA
29,31.46043,-92.95919,1,2,2024,44,1,1,"count",NA,"NR","PLKI",0,NA
29,31.46043,-92.95919,1,2,2024,44,1,1,"count",NA,"NR","DCON",0,NA
29,31.46043,-92.95919,1,2,2024,44,1,1,"count",NA,"NR","PLSE",0,NA
29,31.46043,-92.95919,1,2,2024,44,1,1,"count",NA,"NR","PLAL",0,NA
29,31.46043,-92.95919,1,2,2024,44,1,1,"count",NA,"NR","DEBR",0,NA
29,31.46043,-92.95919,1,2,2024,44,1,1,"count",NA,"NR","PLMI",0,NA
29,31.46043,-92.95919,1,2,2024,44,1,1,"count",NA,"NR","PLWE",0,NA
30,32.70746,-93.24542,20,12,2023,45,1,1,"count",NA,"NR","AMAC",0,NA
30,32.70746,-93.24542,20,12,2023,45,1,1,"count",NA,"NR","AMOP",0,NA
30,32.70746,-93.24542,20,12,2023,45,1,1,"count",NA,"NR","EUPA",0,NA
30,32.70746,-93.24542,20,12,2023,45,1,1,"count",NA,"NR","DECA",0,NA
30,32.70746,-93.24542,20,12,2023,45,1,1,"count",NA,"NR","PLKI",0,NA
30,32.70746,-93.24542,20,12,2023,45,1,1,"count",NA,"NR","DCON",0,NA
30,32.70746,-93.24542,20,12,2023,45,1,1,"count",NA,"NR","PLSE",0,NA
30,32.70746,-93.24542,20,12,2023,45,1,1,"count",NA,"NR","PLAL",0,NA
30,32.70746,-93.24542,20,12,2023,45,1,1,"count",NA,"NR","DEBR",0,NA
30,32.70746,-93.24542,20,12,2023,45,1,1,"count",NA,"NR","PLMI",0,NA
30,32.70746,-93.24542,20,12,2023,45,1,1,"count",NA,"NR","PLWE",0,NA
31,32.01091,-92.79998,6,12,2024,46,1,1,"count",NA,"NR","AMAC",0,NA
31,32.01091,-92.79998,6,12,2024,46,1,1,"count",NA,"NR","AMOP",0,NA
31,32.01091,-92.79998,6,12,2024,46,1,1,"count",NA,"NR","EUPA",0,NA
31,32.01091,-92.79998,6,12,2024,46,1,1,"count",NA,"NR","DECA",0,NA
31,32.01091,-92.79998,6,12,2024,46,1,1,"count",NA,"NR","PLKI",0,NA
31,32.01091,-92.79998,6,12,2024,46,1,1,"count",NA,"NR","DCON",0,NA
31,32.01091,-92.79998,6,12,2024,46,1,1,"count",NA,"NR","PLSE",0,NA
31,32.01091,-92.79998,6,12,2024,46,1,1,"count",NA,"NR","PLAL",0,NA
31,32.01091,-92.79998,6,12,2024,46,1,1,"count",NA,"NR","DEBR",0,NA
31,32.01091,-92.79998,6,12,2024,46,1,1,"count",NA,"NR","PLMI",0,NA
31,32.01091,-92.79998,6,12,2024,46,1,1,"count",NA,"NR","PLWE",0,NA
32,31.858883,-92.5768386666667,5,12,2023,47,1,1,"count",NA,"NR","AMAC",0,NA
32,31.858883,-92.5768386666667,5,12,2023,47,1,1,"count",NA,"NR","AMOP",0,NA
32,31.858883,-92.5768386666667,5,12,2023,47,1,1,"count",NA,"NR","EUPA",0,NA
32,31.858883,-92.5768386666667,5,12,2023,47,1,1,"count",NA,"NR","DECA",0,NA
32,31.858883,-92.5768386666667,5,12,2023,47,1,1,"count",NA,"NR","PLKI",0,NA
32,31.858883,-92.5768386666667,5,12,2023,47,1,1,"count",NA,"NR","DCON",0,NA
32,31.858883,-92.5768386666667,5,12,2023,47,1,1,"count",NA,"NR","PLSE",0,NA
32,31.858883,-92.5768386666667,5,12,2023,47,1,1,"count",NA,"NR","PLAL",0,NA
32,31.858883,-92.5768386666667,5,12,2023,47,1,1,"count",NA,"NR","DEBR",0,NA
32,31.858883,-92.5768386666667,5,12,2023,47,1,1,"count",NA,"NR","PLMI",0,NA
32,31.858883,-92.5768386666667,5,12,2023,47,1,1,"count",NA,"NR","PLWE",0,NA
32,31.858883,-92.5768386666667,6,12,2024,48,1,1,"count",NA,"NR","AMAC",0,NA
32,31.858883,-92.5768386666667,6,12,2024,48,1,1,"count",NA,"NR","AMOP",0,NA
32,31.858883,-92.5768386666667,6,12,2024,48,1,1,"count",NA,"NR","EUPA",0,NA
32,31.858883,-92.5768386666667,6,12,2024,48,1,1,"count",NA,"NR","DECA",0,NA
32,31.858883,-92.5768386666667,6,12,2024,48,1,1,"count",NA,"NR","PLKI",0,NA
32,31.858883,-92.5768386666667,6,12,2024,48,1,1,"count",NA,"NR","DCON",0,NA
32,31.858883,-92.5768386666667,6,12,2024,48,1,1,"count",NA,"NR","PLSE",0,NA
32,31.858883,-92.5768386666667,6,12,2024,48,1,1,"count",NA,"NR","PLAL",0,NA
32,31.858883,-92.5768386666667,6,12,2024,48,1,1,"count",NA,"NR","DEBR",0,NA
32,31.858883,-92.5768386666667,6,12,2024,48,1,1,"count",NA,"NR","PLMI",0,NA
32,31.858883,-92.5768386666667,6,12,2024,48,1,1,"count",NA,"NR","PLWE",0,NA
32,31.858883,-92.5768386666667,8,2,2024,49,1,1,"count",NA,"NR","AMAC",0,NA
32,31.858883,-92.5768386666667,8,2,2024,49,1,1,"count",NA,"NR","AMOP",0,NA
32,31.858883,-92.5768386666667,8,2,2024,49,1,1,"count",NA,"NR","EUPA",0,NA
32,31.858883,-92.5768386666667,8,2,2024,49,1,1,"count",NA,"NR","DECA",0,NA
32,31.858883,-92.5768386666667,8,2,2024,49,1,1,"count",NA,"NR","PLKI",0,NA
32,31.858883,-92.5768386666667,8,2,2024,49,1,1,"count",NA,"NR","DCON",0,NA
32,31.858883,-92.5768386666667,8,2,2024,49,1,1,"count",NA,"NR","PLSE",0,NA
32,31.858883,-92.5768386666667,8,2,2024,49,1,1,"count",NA,"NR","PLAL",0,NA
32,31.858883,-92.5768386666667,8,2,2024,49,1,1,"count",NA,"NR","DEBR",0,NA
32,31.858883,-92.5768386666667,8,2,2024,49,1,1,"count",NA,"NR","PLMI",0,NA
32,31.858883,-92.5768386666667,8,2,2024,49,1,1,"count",NA,"NR","PLWE",0,NA
33,31.524361,-93.12179,10,12,2024,50,1,1,"count",NA,"NR","AMAC",0,NA
33,31.524361,-93.12179,10,12,2024,50,1,1,"count",NA,"NR","AMOP",0,NA
33,31.524361,-93.12179,10,12,2024,50,1,1,"count",NA,"NR","EUPA",0,NA
33,31.524361,-93.12179,10,12,2024,50,1,1,"count",NA,"NR","DECA",0,NA
33,31.524361,-93.12179,10,12,2024,50,1,1,"count",NA,"NR","PLKI",0,NA
33,31.524361,-93.12179,10,12,2024,50,1,1,"count",NA,"NR","DCON",0,NA
33,31.524361,-93.12179,10,12,2024,50,1,1,"count",NA,"NR","PLSE",0,NA
33,31.524361,-93.12179,10,12,2024,50,1,1,"count",NA,"NR","PLAL",0,NA
33,31.524361,-93.12179,10,12,2024,50,1,1,"count",NA,"NR","DEBR",0,NA
33,31.524361,-93.12179,10,12,2024,50,1,1,"count",NA,"NR","PLMI",0,NA
33,31.524361,-93.12179,10,12,2024,50,1,1,"count",NA,"NR","PLWE",0,NA
34,31.534641,-93.106127,10,12,2024,51,1,1,"count",NA,"NR","AMAC",0,NA
34,31.534641,-93.106127,10,12,2024,51,1,1,"count",NA,"NR","AMOP",0,NA
34,31.534641,-93.106127,10,12,2024,51,1,1,"count",NA,"NR","EUPA",0,NA
34,31.534641,-93.106127,10,12,2024,51,1,1,"count",NA,"NR","DECA",0,NA
34,31.534641,-93.106127,10,12,2024,51,1,1,"count",NA,"NR","PLKI",0,NA
34,31.534641,-93.106127,10,12,2024,51,1,1,"count",NA,"NR","DCON",0,NA
34,31.534641,-93.106127,10,12,2024,51,1,1,"count",NA,"NR","PLSE",0,NA
34,31.534641,-93.106127,10,12,2024,51,1,1,"count",NA,"NR","PLAL",0,NA
34,31.534641,-93.106127,10,12,2024,51,1,1,"count",NA,"NR","DEBR",0,NA
34,31.534641,-93.106127,10,12,2024,51,1,1,"count",NA,"NR","PLMI",0,NA
34,31.534641,-93.106127,10,12,2024,51,1,1,"count",NA,"NR","PLWE",0,NA
35,31.41584,-92.97715,16,2,2024,52,1,1,"count",NA,"NR","AMAC",0,NA
35,31.41584,-92.97715,16,2,2024,52,1,1,"count",NA,"NR","AMOP",0,NA
35,31.41584,-92.97715,16,2,2024,52,1,1,"count",NA,"NR","EUPA",0,NA
35,31.41584,-92.97715,16,2,2024,52,1,1,"count",NA,"NR","DECA",0,NA
35,31.41584,-92.97715,16,2,2024,52,1,1,"count",NA,"NR","PLKI",0,NA
35,31.41584,-92.97715,16,2,2024,52,1,1,"count",NA,"NR","DCON",0,NA
35,31.41584,-92.97715,16,2,2024,52,1,1,"count",NA,"NR","PLSE",0,NA
35,31.41584,-92.97715,16,2,2024,52,1,1,"count",NA,"NR","PLAL",0,NA
35,31.41584,-92.97715,16,2,2024,52,1,1,"count",NA,"NR","DEBR",0,NA
35,31.41584,-92.97715,16,2,2024,52,1,1,"count",NA,"NR","PLMI",0,NA
35,31.41584,-92.97715,16,2,2024,52,1,1,"count",NA,"NR","PLWE",0,NA
36,31.5004,-92.53446,14,12,2023,53,1,1,"count",NA,"NR","AMAC",0,NA
36,31.5004,-92.53446,14,12,2023,53,1,1,"count",NA,"NR","AMOP",0,NA
36,31.5004,-92.53446,14,12,2023,53,1,1,"count",NA,"NR","EUPA",0,NA
36,31.5004,-92.53446,14,12,2023,53,1,1,"count",NA,"NR","DECA",0,NA
36,31.5004,-92.53446,14,12,2023,53,1,1,"count",NA,"NR","PLKI",0,NA
36,31.5004,-92.53446,14,12,2023,53,1,1,"count",NA,"NR","DCON",0,NA
36,31.5004,-92.53446,14,12,2023,53,1,1,"count",NA,"NR","PLSE",0,NA
36,31.5004,-92.53446,14,12,2023,53,1,1,"count",NA,"NR","PLAL",0,NA
36,31.5004,-92.53446,14,12,2023,53,1,1,"count",NA,"NR","DEBR",0,NA
36,31.5004,-92.53446,14,12,2023,53,1,1,"count",NA,"NR","PLMI",0,NA
36,31.5004,-92.53446,14,12,2023,53,1,1,"count",NA,"NR","PLWE",0,NA
37,31.55872,-92.58723,5,12,2023,54,1,1,"count",NA,"NR","AMAC",0,NA
37,31.55872,-92.58723,5,12,2023,54,1,1,"count",NA,"NR","AMOP",0,NA
37,31.55872,-92.58723,5,12,2023,54,1,1,"count",NA,"NR","EUPA",0,NA
37,31.55872,-92.58723,5,12,2023,54,1,1,"count",NA,"NR","DECA",0,NA
37,31.55872,-92.58723,5,12,2023,54,1,1,"count",NA,"NR","PLKI",0,NA
37,31.55872,-92.58723,5,12,2023,54,1,1,"count",NA,"NR","DCON",0,NA
37,31.55872,-92.58723,5,12,2023,54,1,1,"count",NA,"NR","PLSE",0,NA
37,31.55872,-92.58723,5,12,2023,54,1,1,"count",NA,"NR","PLAL",0,NA
37,31.55872,-92.58723,5,12,2023,54,1,1,"count",NA,"NR","DEBR",0,NA
37,31.55872,-92.58723,5,12,2023,54,1,1,"count",NA,"NR","PLMI",0,NA
37,31.55872,-92.58723,5,12,2023,54,1,1,"count",NA,"NR","PLWE",0,NA
38,32.03426,-92.94632,12,12,2023,55,1,1,"count",NA,"NR","AMAC",0,NA
38,32.03426,-92.94632,12,12,2023,55,1,1,"count",NA,"NR","AMOP",0,NA
38,32.03426,-92.94632,12,12,2023,55,1,1,"count",NA,"NR","EUPA",0,NA
38,32.03426,-92.94632,12,12,2023,55,1,1,"count",NA,"NR","DECA",0,NA
38,32.03426,-92.94632,12,12,2023,55,1,1,"count",NA,"NR","PLKI",0,NA
38,32.03426,-92.94632,12,12,2023,55,1,1,"count",NA,"NR","DCON",0,NA
38,32.03426,-92.94632,12,12,2023,55,1,1,"count",NA,"NR","PLSE",0,NA
38,32.03426,-92.94632,12,12,2023,55,1,1,"count",NA,"NR","PLAL",0,NA
38,32.03426,-92.94632,12,12,2023,55,1,1,"count",NA,"NR","DEBR",0,NA
38,32.03426,-92.94632,12,12,2023,55,1,1,"count",NA,"NR","PLMI",0,NA
38,32.03426,-92.94632,12,12,2023,55,1,1,"count",NA,"NR","PLWE",0,NA
39,31.4541033333333,-92.39006,8,2,2024,58,1,1,"count",NA,"NR","AMAC",0,NA
39,31.4541033333333,-92.39006,8,2,2024,58,1,1,"count",NA,"NR","AMOP",0,NA
39,31.4541033333333,-92.39006,8,2,2024,58,1,1,"count",NA,"NR","EUPA",0,NA
39,31.4541033333333,-92.39006,8,2,2024,58,1,1,"count",NA,"NR","DECA",0,NA
39,31.4541033333333,-92.39006,8,2,2024,58,1,1,"count",NA,"NR","PLKI",0,NA
39,31.4541033333333,-92.39006,8,2,2024,58,1,1,"count",NA,"NR","DCON",0,NA
39,31.4541033333333,-92.39006,8,2,2024,58,1,1,"count",NA,"NR","PLSE",0,NA
39,31.4541033333333,-92.39006,8,2,2024,58,1,1,"count",NA,"NR","PLAL",0,NA
39,31.4541033333333,-92.39006,8,2,2024,58,1,1,"count",NA,"NR","DEBR",0,NA
39,31.4541033333333,-92.39006,8,2,2024,58,1,1,"count",NA,"NR","PLMI",0,NA
39,31.4541033333333,-92.39006,8,2,2024,58,1,1,"count",NA,"NR","PLWE",0,NA
39,31.4541033333333,-92.39006,8,11,2024,56,1,1,"count",NA,"NR","AMAC",0,NA
39,31.4541033333333,-92.39006,8,11,2024,56,1,1,"count",NA,"NR","AMOP",0,NA
39,31.4541033333333,-92.39006,8,11,2024,56,1,1,"count",NA,"NR","EUPA",0,NA
39,31.4541033333333,-92.39006,8,11,2024,56,1,1,"count",NA,"NR","DECA",0,NA
39,31.4541033333333,-92.39006,8,11,2024,56,1,1,"count",NA,"NR","PLKI",0,NA
39,31.4541033333333,-92.39006,8,11,2024,56,1,1,"count",NA,"NR","DCON",0,NA
39,31.4541033333333,-92.39006,8,11,2024,56,1,1,"count",NA,"NR","PLSE",0,NA
39,31.4541033333333,-92.39006,8,11,2024,56,1,1,"count",NA,"NR","PLAL",0,NA
39,31.4541033333333,-92.39006,8,11,2024,56,1,1,"count",NA,"NR","DEBR",0,NA
39,31.4541033333333,-92.39006,8,11,2024,56,1,1,"count",NA,"NR","PLMI",0,NA
39,31.4541033333333,-92.39006,8,11,2024,56,1,1,"count",NA,"NR","PLWE",0,NA
39,31.4541033333333,-92.39006,14,12,2023,57,1,1,"count",NA,"NR","AMAC",0,NA
39,31.4541033333333,-92.39006,14,12,2023,57,1,1,"count",NA,"NR","AMOP",0,NA
39,31.4541033333333,-92.39006,14,12,2023,57,1,1,"count",NA,"NR","EUPA",0,NA
39,31.4541033333333,-92.39006,14,12,2023,57,1,1,"count",NA,"NR","DECA",0,NA
39,31.4541033333333,-92.39006,14,12,2023,57,1,1,"count",NA,"NR","PLKI",0,NA
39,31.4541033333333,-92.39006,14,12,2023,57,1,1,"count",NA,"NR","DCON",0,NA
39,31.4541033333333,-92.39006,14,12,2023,57,1,1,"count",NA,"NR","PLSE",0,NA
39,31.4541033333333,-92.39006,14,12,2023,57,1,1,"count",NA,"NR","PLAL",0,NA
39,31.4541033333333,-92.39006,14,12,2023,57,1,1,"count",NA,"NR","DEBR",0,NA
39,31.4541033333333,-92.39006,14,12,2023,57,1,1,"count",NA,"NR","PLMI",0,NA
39,31.4541033333333,-92.39006,14,12,2023,57,1,1,"count",NA,"NR","PLWE",0,NA
40,31.52946,-92.38809,20,4,2022,59,1,1,"count",NA,"NR","AMAC",0,NA
40,31.52946,-92.38809,20,4,2022,59,1,1,"count",NA,"NR","AMOP",0,NA
40,31.52946,-92.38809,20,4,2022,59,1,1,"count",NA,"NR","EUPA",0,NA
40,31.52946,-92.38809,20,4,2022,59,1,1,"count",NA,"NR","DECA",0,NA
40,31.52946,-92.38809,20,4,2022,59,1,1,"count",NA,"NR","PLKI",0,NA
40,31.52946,-92.38809,20,4,2022,59,1,1,"count",NA,"NR","DCON",0,NA
40,31.52946,-92.38809,20,4,2022,59,1,1,"count",NA,"NR","PLSE",0,NA
40,31.52946,-92.38809,20,4,2022,59,1,1,"count",NA,"NR","PLAL",0,NA
40,31.52946,-92.38809,20,4,2022,59,1,1,"count",NA,"NR","DEBR",0,NA
40,31.52946,-92.38809,20,4,2022,59,1,1,"count",NA,"NR","PLMI",0,NA
40,31.52946,-92.38809,20,4,2022,59,1,1,"count",NA,"NR","PLWE",0,NA
41,31.476335,-92.9971675,1,2,2024,62,1,1,"count",NA,"NR","AMAC",0,NA
41,31.476335,-92.9971675,1,2,2024,62,1,1,"count",NA,"NR","AMOP",0,NA
41,31.476335,-92.9971675,1,2,2024,62,1,1,"count",NA,"NR","EUPA",0,NA
41,31.476335,-92.9971675,1,2,2024,62,1,1,"count",NA,"NR","DECA",0,NA
41,31.476335,-92.9971675,1,2,2024,62,1,1,"count",NA,"NR","PLKI",0,NA
41,31.476335,-92.9971675,1,2,2024,62,1,1,"count",NA,"NR","DCON",0,NA
41,31.476335,-92.9971675,1,2,2024,62,1,1,"count",NA,"NR","PLSE",0,NA
41,31.476335,-92.9971675,1,2,2024,62,1,1,"count",NA,"NR","PLAL",0,NA
41,31.476335,-92.9971675,1,2,2024,62,1,1,"count",NA,"NR","DEBR",0,NA
41,31.476335,-92.9971675,1,2,2024,62,1,1,"count",NA,"NR","PLMI",0,NA
41,31.476335,-92.9971675,1,2,2024,62,1,1,"count",NA,"NR","PLWE",0,NA
41,31.476335,-92.9971675,5,1,2023,60,1,1,"count",NA,"NR","AMAC",0,NA
41,31.476335,-92.9971675,5,1,2023,60,1,1,"count",NA,"NR","AMOP",0,NA
41,31.476335,-92.9971675,5,1,2023,60,1,1,"count",NA,"NR","EUPA",0,NA
41,31.476335,-92.9971675,5,1,2023,60,1,1,"count",NA,"NR","DECA",0,NA
41,31.476335,-92.9971675,5,1,2023,60,1,1,"count",NA,"NR","PLKI",0,NA
41,31.476335,-92.9971675,5,1,2023,60,1,1,"count",NA,"NR","DCON",0,NA
41,31.476335,-92.9971675,5,1,2023,60,1,1,"count",NA,"NR","PLSE",0,NA
41,31.476335,-92.9971675,5,1,2023,60,1,1,"count",NA,"NR","PLAL",0,NA
41,31.476335,-92.9971675,5,1,2023,60,1,1,"count",NA,"NR","DEBR",0,NA
41,31.476335,-92.9971675,5,1,2023,60,1,1,"count",NA,"NR","PLMI",0,NA
41,31.476335,-92.9971675,5,1,2023,60,1,1,"count",NA,"NR","PLWE",0,NA
41,31.476335,-92.9971675,10,12,2024,61,1,1,"count",NA,"NR","AMAC",0,NA
41,31.476335,-92.9971675,10,12,2024,61,1,1,"count",NA,"NR","AMOP",0,NA
41,31.476335,-92.9971675,10,12,2024,61,1,1,"count",NA,"NR","EUPA",0,NA
41,31.476335,-92.9971675,10,12,2024,61,1,1,"count",NA,"NR","DECA",0,NA
41,31.476335,-92.9971675,10,12,2024,61,1,1,"count",NA,"NR","PLKI",0,NA
41,31.476335,-92.9971675,10,12,2024,61,1,1,"count",NA,"NR","DCON",0,NA
41,31.476335,-92.9971675,10,12,2024,61,1,1,"count",NA,"NR","PLSE",0,NA
41,31.476335,-92.9971675,10,12,2024,61,1,1,"count",NA,"NR","PLAL",0,NA
41,31.476335,-92.9971675,10,12,2024,61,1,1,"count",NA,"NR","DEBR",0,NA
41,31.476335,-92.9971675,10,12,2024,61,1,1,"count",NA,"NR","PLMI",0,NA
41,31.476335,-92.9971675,10,12,2024,61,1,1,"count",NA,"NR","PLWE",0,NA
41,31.476335,-92.9971675,16,2,2024,63,1,1,"count",NA,"NR","AMAC",0,NA
41,31.476335,-92.9971675,16,2,2024,63,1,1,"count",NA,"NR","AMOP",0,NA
41,31.476335,-92.9971675,16,2,2024,63,1,1,"count",NA,"NR","EUPA",0,NA
41,31.476335,-92.9971675,16,2,2024,63,1,1,"count",NA,"NR","DECA",0,NA
41,31.476335,-92.9971675,16,2,2024,63,1,1,"count",NA,"NR","PLKI",0,NA
41,31.476335,-92.9971675,16,2,2024,63,1,1,"count",NA,"NR","DCON",0,NA
41,31.476335,-92.9971675,16,2,2024,63,1,1,"count",NA,"NR","PLSE",0,NA
41,31.476335,-92.9971675,16,2,2024,63,1,1,"count",NA,"NR","PLAL",0,NA
41,31.476335,-92.9971675,16,2,2024,63,1,1,"count",NA,"NR","DEBR",0,NA
41,31.476335,-92.9971675,16,2,2024,63,1,1,"count",NA,"NR","PLMI",0,NA
41,31.476335,-92.9971675,16,2,2024,63,1,1,"count",NA,"NR","PLWE",0,NA
42,31.844,-92.597,5,12,2023,64,1,1,"count",NA,"NR","AMAC",0,NA
42,31.844,-92.597,5,12,2023,64,1,1,"count",NA,"NR","AMOP",0,NA
42,31.844,-92.597,5,12,2023,64,1,1,"count",NA,"NR","EUPA",0,NA
42,31.844,-92.597,5,12,2023,64,1,1,"count",NA,"NR","DECA",0,NA
42,31.844,-92.597,5,12,2023,64,1,1,"count",NA,"NR","PLKI",0,NA
42,31.844,-92.597,5,12,2023,64,1,1,"count",NA,"NR","DCON",0,NA
42,31.844,-92.597,5,12,2023,64,1,1,"count",NA,"NR","PLSE",0,NA
42,31.844,-92.597,5,12,2023,64,1,1,"count",NA,"NR","PLAL",0,NA
42,31.844,-92.597,5,12,2023,64,1,1,"count",NA,"NR","DEBR",0,NA
42,31.844,-92.597,5,12,2023,64,1,1,"count",NA,"NR","PLMI",0,NA
42,31.844,-92.597,5,12,2023,64,1,1,"count",NA,"NR","PLWE",0,NA
43,31.3873,-92.93933,16,2,2024,65,1,1,"count",NA,"NR","AMAC",0,NA
43,31.3873,-92.93933,16,2,2024,65,1,1,"count",NA,"NR","AMOP",0,NA
43,31.3873,-92.93933,16,2,2024,65,1,1,"count",NA,"NR","EUPA",0,NA
43,31.3873,-92.93933,16,2,2024,65,1,1,"count",NA,"NR","DECA",0,NA
43,31.3873,-92.93933,16,2,2024,65,1,1,"count",NA,"NR","PLKI",0,NA
43,31.3873,-92.93933,16,2,2024,65,1,1,"count",NA,"NR","DCON",0,NA
43,31.3873,-92.93933,16,2,2024,65,1,1,"count",NA,"NR","PLSE",0,NA
43,31.3873,-92.93933,16,2,2024,65,1,1,"count",NA,"NR","PLAL",0,NA
43,31.3873,-92.93933,16,2,2024,65,1,1,"count",NA,"NR","DEBR",0,NA
43,31.3873,-92.93933,16,2,2024,65,1,1,"count",NA,"NR","PLMI",0,NA
43,31.3873,-92.93933,16,2,2024,65,1,1,"count",NA,"NR","PLWE",0,NA
44,32.70751,-93.24541,20,12,2023,66,1,1,"count",NA,"NR","AMAC",0,NA
44,32.70751,-93.24541,20,12,2023,66,1,1,"count",NA,"NR","AMOP",0,NA
44,32.70751,-93.24541,20,12,2023,66,1,1,"count",NA,"NR","EUPA",0,NA
44,32.70751,-93.24541,20,12,2023,66,1,1,"count",NA,"NR","DECA",0,NA
44,32.70751,-93.24541,20,12,2023,66,1,1,"count",NA,"NR","PLKI",0,NA
44,32.70751,-93.24541,20,12,2023,66,1,1,"count",NA,"NR","DCON",0,NA
44,32.70751,-93.24541,20,12,2023,66,1,1,"count",NA,"NR","PLSE",0,NA
44,32.70751,-93.24541,20,12,2023,66,1,1,"count",NA,"NR","PLAL",0,NA
44,32.70751,-93.24541,20,12,2023,66,1,1,"count",NA,"NR","DEBR",0,NA
44,32.70751,-93.24541,20,12,2023,66,1,1,"count",NA,"NR","PLMI",0,NA
44,32.70751,-93.24541,20,12,2023,66,1,1,"count",NA,"NR","PLWE",0,NA
45,31.6973966666667,-92.4944033333333,5,12,2023,68,1,1,"count",NA,"NR","AMAC",0,NA
45,31.6973966666667,-92.4944033333333,5,12,2023,68,1,1,"count",NA,"NR","AMOP",0,NA
45,31.6973966666667,-92.4944033333333,5,12,2023,68,1,1,"count",NA,"NR","EUPA",0,NA
45,31.6973966666667,-92.4944033333333,5,12,2023,68,1,1,"count",NA,"NR","DECA",0,NA
45,31.6973966666667,-92.4944033333333,5,12,2023,68,1,1,"count",NA,"NR","PLKI",0,NA
45,31.6973966666667,-92.4944033333333,5,12,2023,68,1,1,"count",NA,"NR","DCON",0,NA
45,31.6973966666667,-92.4944033333333,5,12,2023,68,1,1,"count",NA,"NR","PLSE",0,NA
45,31.6973966666667,-92.4944033333333,5,12,2023,68,1,1,"count",NA,"NR","PLAL",0,NA
45,31.6973966666667,-92.4944033333333,5,12,2023,68,1,1,"count",NA,"NR","DEBR",0,NA
45,31.6973966666667,-92.4944033333333,5,12,2023,68,1,1,"count",NA,"NR","PLMI",0,NA
45,31.6973966666667,-92.4944033333333,5,12,2023,68,1,1,"count",NA,"NR","PLWE",0,NA
45,31.6973966666667,-92.4944033333333,8,2,2024,69,1,1,"count",NA,"NR","AMAC",0,NA
45,31.6973966666667,-92.4944033333333,8,2,2024,69,1,1,"count",NA,"NR","AMOP",0,NA
45,31.6973966666667,-92.4944033333333,8,2,2024,69,1,1,"count",NA,"NR","EUPA",0,NA
45,31.6973966666667,-92.4944033333333,8,2,2024,69,1,1,"count",NA,"NR","DECA",0,NA
45,31.6973966666667,-92.4944033333333,8,2,2024,69,1,1,"count",NA,"NR","PLKI",0,NA
45,31.6973966666667,-92.4944033333333,8,2,2024,69,1,1,"count",NA,"NR","DCON",0,NA
45,31.6973966666667,-92.4944033333333,8,2,2024,69,1,1,"count",NA,"NR","PLSE",0,NA
45,31.6973966666667,-92.4944033333333,8,2,2024,69,1,1,"count",NA,"NR","PLAL",0,NA
45,31.6973966666667,-92.4944033333333,8,2,2024,69,1,1,"count",NA,"NR","DEBR",0,NA
45,31.6973966666667,-92.4944033333333,8,2,2024,69,1,1,"count",NA,"NR","PLMI",0,NA
45,31.6973966666667,-92.4944033333333,8,2,2024,69,1,1,"count",NA,"NR","PLWE",0,NA
45,31.6973966666667,-92.4944033333333,15,11,2024,67,1,1,"count",NA,"NR","AMAC",0,NA
45,31.6973966666667,-92.4944033333333,15,11,2024,67,1,1,"count",NA,"NR","AMOP",0,NA
45,31.6973966666667,-92.4944033333333,15,11,2024,67,1,1,"count",NA,"NR","EUPA",0,NA
45,31.6973966666667,-92.4944033333333,15,11,2024,67,1,1,"count",NA,"NR","DECA",0,NA
45,31.6973966666667,-92.4944033333333,15,11,2024,67,1,1,"count",NA,"NR","PLKI",0,NA
45,31.6973966666667,-92.4944033333333,15,11,2024,67,1,1,"count",NA,"NR","DCON",0,NA
45,31.6973966666667,-92.4944033333333,15,11,2024,67,1,1,"count",NA,"NR","PLSE",0,NA
45,31.6973966666667,-92.4944033333333,15,11,2024,67,1,1,"count",NA,"NR","PLAL",0,NA
45,31.6973966666667,-92.4944033333333,15,11,2024,67,1,1,"count",NA,"NR","DEBR",0,NA
45,31.6973966666667,-92.4944033333333,15,11,2024,67,1,1,"count",NA,"NR","PLMI",0,NA
45,31.6973966666667,-92.4944033333333,15,11,2024,67,1,1,"count",NA,"NR","PLWE",0,NA
46,31.90504,-92.78159,8,2,2024,70,1,1,"count",NA,"NR","AMAC",0,NA
46,31.90504,-92.78159,8,2,2024,70,1,1,"count",NA,"NR","AMOP",0,NA
46,31.90504,-92.78159,8,2,2024,70,1,1,"count",NA,"NR","EUPA",0,NA
46,31.90504,-92.78159,8,2,2024,70,1,1,"count",NA,"NR","DECA",0,NA
46,31.90504,-92.78159,8,2,2024,70,1,1,"count",NA,"NR","PLKI",0,NA
46,31.90504,-92.78159,8,2,2024,70,1,1,"count",NA,"NR","DCON",0,NA
46,31.90504,-92.78159,8,2,2024,70,1,1,"count",NA,"NR","PLSE",0,NA
46,31.90504,-92.78159,8,2,2024,70,1,1,"count",NA,"NR","PLAL",0,NA
46,31.90504,-92.78159,8,2,2024,70,1,1,"count",NA,"NR","DEBR",0,NA
46,31.90504,-92.78159,8,2,2024,70,1,1,"count",NA,"NR","PLMI",0,NA
46,31.90504,-92.78159,8,2,2024,70,1,1,"count",NA,"NR","PLWE",0,NA
47,31.49223,-93.08721,1,2,2024,71,1,1,"count",NA,"NR","AMAC",0,NA
47,31.49223,-93.08721,1,2,2024,71,1,1,"count",NA,"NR","AMOP",0,NA
47,31.49223,-93.08721,1,2,2024,71,1,1,"count",NA,"NR","EUPA",0,NA
47,31.49223,-93.08721,1,2,2024,71,1,1,"count",NA,"NR","DECA",0,NA
47,31.49223,-93.08721,1,2,2024,71,1,1,"count",NA,"NR","PLKI",0,NA
47,31.49223,-93.08721,1,2,2024,71,1,1,"count",NA,"NR","DCON",0,NA
47,31.49223,-93.08721,1,2,2024,71,1,1,"count",NA,"NR","PLSE",0,NA
47,31.49223,-93.08721,1,2,2024,71,1,1,"count",NA,"NR","PLAL",0,NA
47,31.49223,-93.08721,1,2,2024,71,1,1,"count",NA,"NR","DEBR",0,NA
47,31.49223,-93.08721,1,2,2024,71,1,1,"count",NA,"NR","PLMI",0,NA
47,31.49223,-93.08721,1,2,2024,71,1,1,"count",NA,"NR","PLWE",0,NA
48,32.02369,-92.80798,6,12,2024,72,1,1,"count",NA,"NR","AMAC",0,NA
48,32.02369,-92.80798,6,12,2024,72,1,1,"count",NA,"NR","AMOP",0,NA
48,32.02369,-92.80798,6,12,2024,72,1,1,"count",NA,"NR","EUPA",0,NA
48,32.02369,-92.80798,6,12,2024,72,1,1,"count",NA,"NR","DECA",0,NA
48,32.02369,-92.80798,6,12,2024,72,1,1,"count",NA,"NR","PLKI",0,NA
48,32.02369,-92.80798,6,12,2024,72,1,1,"count",NA,"NR","DCON",0,NA
48,32.02369,-92.80798,6,12,2024,72,1,1,"count",NA,"NR","PLSE",0,NA
48,32.02369,-92.80798,6,12,2024,72,1,1,"count",NA,"NR","PLAL",0,NA
48,32.02369,-92.80798,6,12,2024,72,1,1,"count",NA,"NR","DEBR",0,NA
48,32.02369,-92.80798,6,12,2024,72,1,1,"count",NA,"NR","PLMI",0,NA
48,32.02369,-92.80798,6,12,2024,72,1,1,"count",NA,"NR","PLWE",0,NA
49,31.453148,-93.169598,10,12,2024,73,1,1,"count",NA,"NR","AMAC",0,NA
49,31.453148,-93.169598,10,12,2024,73,1,1,"count",NA,"NR","AMOP",0,NA
49,31.453148,-93.169598,10,12,2024,73,1,1,"count",NA,"NR","EUPA",0,NA
49,31.453148,-93.169598,10,12,2024,73,1,1,"count",NA,"NR","DECA",0,NA
49,31.453148,-93.169598,10,12,2024,73,1,1,"count",NA,"NR","PLKI",0,NA
49,31.453148,-93.169598,10,12,2024,73,1,1,"count",NA,"NR","DCON",0,NA
49,31.453148,-93.169598,10,12,2024,73,1,1,"count",NA,"NR","PLSE",0,NA
49,31.453148,-93.169598,10,12,2024,73,1,1,"count",NA,"NR","PLAL",0,NA
49,31.453148,-93.169598,10,12,2024,73,1,1,"count",NA,"NR","DEBR",0,NA
49,31.453148,-93.169598,10,12,2024,73,1,1,"count",NA,"NR","PLMI",0,NA
49,31.453148,-93.169598,10,12,2024,73,1,1,"count",NA,"NR","PLWE",0,NA
50,31.49634,-92.51995,14,12,2023,74,1,1,"count",NA,"NR","AMAC",0,NA
50,31.49634,-92.51995,14,12,2023,74,1,1,"count",NA,"NR","AMOP",0,NA
50,31.49634,-92.51995,14,12,2023,74,1,1,"count",NA,"NR","EUPA",0,NA
50,31.49634,-92.51995,14,12,2023,74,1,1,"count",NA,"NR","DECA",0,NA
50,31.49634,-92.51995,14,12,2023,74,1,1,"count",NA,"NR","PLKI",0,NA
50,31.49634,-92.51995,14,12,2023,74,1,1,"count",NA,"NR","DCON",0,NA
50,31.49634,-92.51995,14,12,2023,74,1,1,"count",NA,"NR","PLSE",0,NA
50,31.49634,-92.51995,14,12,2023,74,1,1,"count",NA,"NR","PLAL",0,NA
50,31.49634,-92.51995,14,12,2023,74,1,1,"count",NA,"NR","DEBR",0,NA
50,31.49634,-92.51995,14,12,2023,74,1,1,"count",NA,"NR","PLMI",0,NA
50,31.49634,-92.51995,14,12,2023,74,1,1,"count",NA,"NR","PLWE",0,NA
51,31.475053,-93.151161,10,12,2024,75,1,1,"count",NA,"NR","AMAC",0,NA
51,31.475053,-93.151161,10,12,2024,75,1,1,"count",NA,"NR","AMOP",0,NA
51,31.475053,-93.151161,10,12,2024,75,1,1,"count",NA,"NR","EUPA",0,NA
51,31.475053,-93.151161,10,12,2024,75,1,1,"count",NA,"NR","DECA",0,NA
51,31.475053,-93.151161,10,12,2024,75,1,1,"count",NA,"NR","PLKI",0,NA
51,31.475053,-93.151161,10,12,2024,75,1,1,"count",NA,"NR","DCON",0,NA
51,31.475053,-93.151161,10,12,2024,75,1,1,"count",NA,"NR","PLSE",0,NA
51,31.475053,-93.151161,10,12,2024,75,1,1,"count",NA,"NR","PLAL",0,NA
51,31.475053,-93.151161,10,12,2024,75,1,1,"count",NA,"NR","DEBR",0,NA
51,31.475053,-93.151161,10,12,2024,75,1,1,"count",NA,"NR","PLMI",0,NA
51,31.475053,-93.151161,10,12,2024,75,1,1,"count",NA,"NR","PLWE",0,NA
52,31.44553,-93.153212,10,12,2024,76,1,1,"count",NA,"NR","AMAC",0,NA
52,31.44553,-93.153212,10,12,2024,76,1,1,"count",NA,"NR","AMOP",0,NA
52,31.44553,-93.153212,10,12,2024,76,1,1,"count",NA,"NR","EUPA",0,NA
52,31.44553,-93.153212,10,12,2024,76,1,1,"count",NA,"NR","DECA",0,NA
52,31.44553,-93.153212,10,12,2024,76,1,1,"count",NA,"NR","PLKI",0,NA
52,31.44553,-93.153212,10,12,2024,76,1,1,"count",NA,"NR","DCON",0,NA
52,31.44553,-93.153212,10,12,2024,76,1,1,"count",NA,"NR","PLSE",0,NA
52,31.44553,-93.153212,10,12,2024,76,1,1,"count",NA,"NR","PLAL",0,NA
52,31.44553,-93.153212,10,12,2024,76,1,1,"count",NA,"NR","DEBR",0,NA
52,31.44553,-93.153212,10,12,2024,76,1,1,"count",NA,"NR","PLMI",0,NA
52,31.44553,-93.153212,10,12,2024,76,1,1,"count",NA,"NR","PLWE",0,NA
53,31.51047,-92.41447,14,12,2023,77,1,1,"count",NA,"NR","AMAC",0,NA
53,31.51047,-92.41447,14,12,2023,77,1,1,"count",NA,"NR","AMOP",0,NA
53,31.51047,-92.41447,14,12,2023,77,1,1,"count",NA,"NR","EUPA",0,NA
53,31.51047,-92.41447,14,12,2023,77,1,1,"count",NA,"NR","DECA",0,NA
53,31.51047,-92.41447,14,12,2023,77,1,1,"count",NA,"NR","PLKI",0,NA
53,31.51047,-92.41447,14,12,2023,77,1,1,"count",NA,"NR","DCON",0,NA
53,31.51047,-92.41447,14,12,2023,77,1,1,"count",NA,"NR","PLSE",0,NA
53,31.51047,-92.41447,14,12,2023,77,1,1,"count",NA,"NR","PLAL",0,NA
53,31.51047,-92.41447,14,12,2023,77,1,1,"count",NA,"NR","DEBR",0,NA
53,31.51047,-92.41447,14,12,2023,77,1,1,"count",NA,"NR","PLMI",0,NA
53,31.51047,-92.41447,14,12,2023,77,1,1,"count",NA,"NR","PLWE",0,NA
54,31.64871,-92.58184,14,12,2023,78,1,1,"count",NA,"NR","AMAC",0,NA
54,31.64871,-92.58184,14,12,2023,78,1,1,"count",NA,"NR","AMOP",0,NA
54,31.64871,-92.58184,14,12,2023,78,1,1,"count",NA,"NR","EUPA",0,NA
54,31.64871,-92.58184,14,12,2023,78,1,1,"count",NA,"NR","DECA",0,NA
54,31.64871,-92.58184,14,12,2023,78,1,1,"count",NA,"NR","PLKI",0,NA
54,31.64871,-92.58184,14,12,2023,78,1,1,"count",NA,"NR","DCON",0,NA
54,31.64871,-92.58184,14,12,2023,78,1,1,"count",NA,"NR","PLSE",0,NA
54,31.64871,-92.58184,14,12,2023,78,1,1,"count",NA,"NR","PLAL",0,NA
54,31.64871,-92.58184,14,12,2023,78,1,1,"count",NA,"NR","DEBR",0,NA
54,31.64871,-92.58184,14,12,2023,78,1,1,"count",NA,"NR","PLMI",0,NA
54,31.64871,-92.58184,14,12,2023,78,1,1,"count",NA,"NR","PLWE",0,NA
55,32.72327,-92.92376,20,12,2023,79,1,1,"count",NA,"NR","AMAC",0,NA
55,32.72327,-92.92376,20,12,2023,79,1,1,"count",NA,"NR","AMOP",0,NA
55,32.72327,-92.92376,20,12,2023,79,1,1,"count",NA,"NR","EUPA",0,NA
55,32.72327,-92.92376,20,12,2023,79,1,1,"count",NA,"NR","DECA",0,NA
55,32.72327,-92.92376,20,12,2023,79,1,1,"count",NA,"NR","PLKI",0,NA
55,32.72327,-92.92376,20,12,2023,79,1,1,"count",NA,"NR","DCON",0,NA
55,32.72327,-92.92376,20,12,2023,79,1,1,"count",NA,"NR","PLSE",0,NA
55,32.72327,-92.92376,20,12,2023,79,1,1,"count",NA,"NR","PLAL",0,NA
55,32.72327,-92.92376,20,12,2023,79,1,1,"count",NA,"NR","DEBR",0,NA
55,32.72327,-92.92376,20,12,2023,79,1,1,"count",NA,"NR","PLMI",0,NA
55,32.72327,-92.92376,20,12,2023,79,1,1,"count",NA,"NR","PLWE",0,NA
56,32.42466,-92.89789,21,12,2023,80,1,1,"count",NA,"NR","AMAC",0,NA
56,32.42466,-92.89789,21,12,2023,80,1,1,"count",NA,"NR","AMOP",0,NA
56,32.42466,-92.89789,21,12,2023,80,1,1,"count",NA,"NR","EUPA",0,NA
56,32.42466,-92.89789,21,12,2023,80,1,1,"count",NA,"NR","DECA",0,NA
56,32.42466,-92.89789,21,12,2023,80,1,1,"count",NA,"NR","PLKI",0,NA
56,32.42466,-92.89789,21,12,2023,80,1,1,"count",NA,"NR","DCON",0,NA
56,32.42466,-92.89789,21,12,2023,80,1,1,"count",NA,"NR","PLSE",0,NA
56,32.42466,-92.89789,21,12,2023,80,1,1,"count",NA,"NR","PLAL",0,NA
56,32.42466,-92.89789,21,12,2023,80,1,1,"count",NA,"NR","DEBR",0,NA
56,32.42466,-92.89789,21,12,2023,80,1,1,"count",NA,"NR","PLMI",0,NA
56,32.42466,-92.89789,21,12,2023,80,1,1,"count",NA,"NR","PLWE",0,NA
57,33.39709,-92.22205,8,2,2023,81,1,1,"count",NA,"NR","AMAC",0,NA
57,33.39709,-92.22205,8,2,2023,81,1,1,"count",NA,"NR","AMOP",0,NA
57,33.39709,-92.22205,8,2,2023,81,1,1,"count",NA,"NR","EUPA",0,NA
57,33.39709,-92.22205,8,2,2023,81,1,1,"count",NA,"NR","DECA",0,NA
57,33.39709,-92.22205,8,2,2023,81,1,1,"count",NA,"NR","PLKI",0,NA
57,33.39709,-92.22205,8,2,2023,81,1,1,"count",NA,"NR","DCON",0,NA
57,33.39709,-92.22205,8,2,2023,81,1,1,"count",NA,"NR","PLSE",0,NA
57,33.39709,-92.22205,8,2,2023,81,1,1,"count",NA,"NR","PLAL",0,NA
57,33.39709,-92.22205,8,2,2023,81,1,1,"count",NA,"NR","DEBR",0,NA
57,33.39709,-92.22205,8,2,2023,81,1,1,"count",NA,"NR","PLMI",0,NA
57,33.39709,-92.22205,8,2,2023,81,1,1,"count",NA,"NR","PLWE",0,NA
58,33.75525,-92.44504,8,2,2023,82,1,1,"count",NA,"NR","AMAC",0,NA
58,33.75525,-92.44504,8,2,2023,82,1,1,"count",NA,"NR","AMOP",1,NA
58,33.75525,-92.44504,8,2,2023,82,1,1,"count",NA,"NR","EUPA",0,NA
58,33.75525,-92.44504,8,2,2023,82,1,1,"count",NA,"NR","DECA",0,NA
58,33.75525,-92.44504,8,2,2023,82,1,1,"count",NA,"NR","PLKI",0,NA
58,33.75525,-92.44504,8,2,2023,82,1,1,"count",NA,"NR","DCON",0,NA
58,33.75525,-92.44504,8,2,2023,82,1,1,"count",NA,"NR","PLSE",0,NA
58,33.75525,-92.44504,8,2,2023,82,1,1,"count",NA,"NR","PLAL",0,NA
58,33.75525,-92.44504,8,2,2023,82,1,1,"count",NA,"NR","DEBR",0,NA
58,33.75525,-92.44504,8,2,2023,82,1,1,"count",NA,"NR","PLMI",0,NA
58,33.75525,-92.44504,8,2,2023,82,1,1,"count",NA,"NR","PLWE",0,NA
59,31.9204366666667,-92.8877933333333,6,12,2024,84,1,1,"count",NA,"NR","AMAC",0,NA
59,31.9204366666667,-92.8877933333333,6,12,2024,84,1,1,"count",NA,"NR","AMOP",0,NA
59,31.9204366666667,-92.8877933333333,6,12,2024,84,1,1,"count",NA,"NR","EUPA",0,NA
59,31.9204366666667,-92.8877933333333,6,12,2024,84,1,1,"count",NA,"NR","DECA",0,NA
59,31.9204366666667,-92.8877933333333,6,12,2024,84,1,1,"count",NA,"NR","PLKI",0,NA
59,31.9204366666667,-92.8877933333333,6,12,2024,84,1,1,"count",NA,"NR","DCON",0,NA
59,31.9204366666667,-92.8877933333333,6,12,2024,84,1,1,"count",NA,"NR","PLSE",0,NA
59,31.9204366666667,-92.8877933333333,6,12,2024,84,1,1,"count",NA,"NR","PLAL",0,NA
59,31.9204366666667,-92.8877933333333,6,12,2024,84,1,1,"count",NA,"NR","DEBR",0,NA
59,31.9204366666667,-92.8877933333333,6,12,2024,84,1,1,"count",NA,"NR","PLMI",0,NA
59,31.9204366666667,-92.8877933333333,6,12,2024,84,1,1,"count",NA,"NR","PLWE",0,NA
59,31.9204366666667,-92.8877933333333,8,2,2024,85,1,1,"count",NA,"NR","AMAC",0,NA
59,31.9204366666667,-92.8877933333333,8,2,2024,85,1,1,"count",NA,"NR","AMOP",1,NA
59,31.9204366666667,-92.8877933333333,8,2,2024,85,1,1,"count",NA,"NR","EUPA",0,NA
59,31.9204366666667,-92.8877933333333,8,2,2024,85,1,1,"count",NA,"NR","DECA",0,NA
59,31.9204366666667,-92.8877933333333,8,2,2024,85,1,1,"count",NA,"NR","PLKI",0,NA
59,31.9204366666667,-92.8877933333333,8,2,2024,85,1,1,"count",NA,"NR","DCON",0,NA
59,31.9204366666667,-92.8877933333333,8,2,2024,85,1,1,"count",NA,"NR","PLSE",0,NA
59,31.9204366666667,-92.8877933333333,8,2,2024,85,1,1,"count",NA,"NR","PLAL",0,NA
59,31.9204366666667,-92.8877933333333,8,2,2024,85,1,1,"count",NA,"NR","DEBR",0,NA
59,31.9204366666667,-92.8877933333333,8,2,2024,85,1,1,"count",NA,"NR","PLMI",0,NA
59,31.9204366666667,-92.8877933333333,8,2,2024,85,1,1,"count",NA,"NR","PLWE",0,NA
59,31.9204366666667,-92.8877933333333,12,12,2023,83,1,1,"count",NA,"NR","AMAC",0,NA
59,31.9204366666667,-92.8877933333333,12,12,2023,83,1,1,"count",NA,"NR","AMOP",0,NA
59,31.9204366666667,-92.8877933333333,12,12,2023,83,1,1,"count",NA,"NR","EUPA",0,NA
59,31.9204366666667,-92.8877933333333,12,12,2023,83,1,1,"count",NA,"NR","DECA",0,NA
59,31.9204366666667,-92.8877933333333,12,12,2023,83,1,1,"count",NA,"NR","PLKI",0,NA
59,31.9204366666667,-92.8877933333333,12,12,2023,83,1,1,"count",NA,"NR","DCON",0,NA
59,31.9204366666667,-92.8877933333333,12,12,2023,83,1,1,"count",NA,"NR","PLSE",0,NA
59,31.9204366666667,-92.8877933333333,12,12,2023,83,1,1,"count",NA,"NR","PLAL",0,NA
59,31.9204366666667,-92.8877933333333,12,12,2023,83,1,1,"count",NA,"NR","DEBR",0,NA
59,31.9204366666667,-92.8877933333333,12,12,2023,83,1,1,"count",NA,"NR","PLMI",0,NA
59,31.9204366666667,-92.8877933333333,12,12,2023,83,1,1,"count",NA,"NR","PLWE",0,NA
60,31.90753,-92.16617,21,12,2022,86,1,1,"count",NA,"NR","AMAC",0,NA
60,31.90753,-92.16617,21,12,2022,86,1,1,"count",NA,"NR","AMOP",0,NA
60,31.90753,-92.16617,21,12,2022,86,1,1,"count",NA,"NR","EUPA",1,NA
60,31.90753,-92.16617,21,12,2022,86,1,1,"count",NA,"NR","DECA",0,NA
60,31.90753,-92.16617,21,12,2022,86,1,1,"count",NA,"NR","PLKI",0,NA
60,31.90753,-92.16617,21,12,2022,86,1,1,"count",NA,"NR","DCON",0,NA
60,31.90753,-92.16617,21,12,2022,86,1,1,"count",NA,"NR","PLSE",0,NA
60,31.90753,-92.16617,21,12,2022,86,1,1,"count",NA,"NR","PLAL",0,NA
60,31.90753,-92.16617,21,12,2022,86,1,1,"count",NA,"NR","DEBR",0,NA
60,31.90753,-92.16617,21,12,2022,86,1,1,"count",NA,"NR","PLMI",0,NA
60,31.90753,-92.16617,21,12,2022,86,1,1,"count",NA,"NR","PLWE",0,NA
61,31.72207,-92.49525,15,3,2023,87,1,1,"count",NA,"NR","AMAC",0,NA
61,31.72207,-92.49525,15,3,2023,87,1,1,"count",NA,"NR","AMOP",2,NA
61,31.72207,-92.49525,15,3,2023,87,1,1,"count",NA,"NR","EUPA",2,NA
61,31.72207,-92.49525,15,3,2023,87,1,1,"count",NA,"NR","DECA",0,NA
61,31.72207,-92.49525,15,3,2023,87,1,1,"count",NA,"NR","PLKI",0,NA
61,31.72207,-92.49525,15,3,2023,87,1,1,"count",NA,"NR","DCON",0,NA
61,31.72207,-92.49525,15,3,2023,87,1,1,"count",NA,"NR","PLSE",0,NA
61,31.72207,-92.49525,15,3,2023,87,1,1,"count",NA,"NR","PLAL",0,NA
61,31.72207,-92.49525,15,3,2023,87,1,1,"count",NA,"NR","DEBR",0,NA
61,31.72207,-92.49525,15,3,2023,87,1,1,"count",NA,"NR","PLMI",0,NA
61,31.72207,-92.49525,15,3,2023,87,1,1,"count",NA,"NR","PLWE",0,NA
62,31.71891,-92.46639,15,3,2023,88,1,1,"count",NA,"NR","AMAC",0,NA
62,31.71891,-92.46639,15,3,2023,88,1,1,"count",NA,"NR","AMOP",2,NA
62,31.71891,-92.46639,15,3,2023,88,1,1,"count",NA,"NR","EUPA",0,NA
62,31.71891,-92.46639,15,3,2023,88,1,1,"count",NA,"NR","DECA",0,NA
62,31.71891,-92.46639,15,3,2023,88,1,1,"count",NA,"NR","PLKI",0,NA
62,31.71891,-92.46639,15,3,2023,88,1,1,"count",NA,"NR","DCON",0,NA
62,31.71891,-92.46639,15,3,2023,88,1,1,"count",NA,"NR","PLSE",0,NA
62,31.71891,-92.46639,15,3,2023,88,1,1,"count",NA,"NR","PLAL",0,NA
62,31.71891,-92.46639,15,3,2023,88,1,1,"count",NA,"NR","DEBR",0,NA
62,31.71891,-92.46639,15,3,2023,88,1,1,"count",NA,"NR","PLMI",0,NA
62,31.71891,-92.46639,15,3,2023,88,1,1,"count",NA,"NR","PLWE",0,NA
63,31.482562,-93.171255,10,12,2024,89,1,1,"count",NA,"NR","AMAC",0,NA
63,31.482562,-93.171255,10,12,2024,89,1,1,"count",NA,"NR","AMOP",0,NA
63,31.482562,-93.171255,10,12,2024,89,1,1,"count",NA,"NR","EUPA",2,NA
63,31.482562,-93.171255,10,12,2024,89,1,1,"count",NA,"NR","DECA",0,NA
63,31.482562,-93.171255,10,12,2024,89,1,1,"count",NA,"NR","PLKI",0,NA
63,31.482562,-93.171255,10,12,2024,89,1,1,"count",NA,"NR","DCON",0,NA
63,31.482562,-93.171255,10,12,2024,89,1,1,"count",NA,"NR","PLSE",0,NA
63,31.482562,-93.171255,10,12,2024,89,1,1,"count",NA,"NR","PLAL",0,NA
63,31.482562,-93.171255,10,12,2024,89,1,1,"count",NA,"NR","DEBR",0,NA
63,31.482562,-93.171255,10,12,2024,89,1,1,"count",NA,"NR","PLMI",0,NA
63,31.482562,-93.171255,10,12,2024,89,1,1,"count",NA,"NR","PLWE",0,NA
64,33.63928,-93.00469,9,2,2023,90,1,1,"count",NA,"NR","AMAC",0,NA
64,33.63928,-93.00469,9,2,2023,90,1,1,"count",NA,"NR","AMOP",0,NA
64,33.63928,-93.00469,9,2,2023,90,1,1,"count",NA,"NR","EUPA",0,NA
64,33.63928,-93.00469,9,2,2023,90,1,1,"count",NA,"NR","DECA",0,NA
64,33.63928,-93.00469,9,2,2023,90,1,1,"count",NA,"NR","PLKI",0,NA
64,33.63928,-93.00469,9,2,2023,90,1,1,"count",NA,"NR","DCON",0,NA
64,33.63928,-93.00469,9,2,2023,90,1,1,"count",NA,"NR","PLSE",0,NA
64,33.63928,-93.00469,9,2,2023,90,1,1,"count",NA,"NR","PLAL",0,NA
64,33.63928,-93.00469,9,2,2023,90,1,1,"count",NA,"NR","DEBR",5,NA
64,33.63928,-93.00469,9,2,2023,90,1,1,"count",NA,"NR","PLMI",0,NA
64,33.63928,-93.00469,9,2,2023,90,1,1,"count",NA,"NR","PLWE",0,NA
65,31.49278,-93.02826,5,1,2023,91,1,1,"count",NA,"NR","AMAC",0,NA
65,31.49278,-93.02826,5,1,2023,91,1,1,"count",NA,"NR","AMOP",0,NA
65,31.49278,-93.02826,5,1,2023,91,1,1,"count",NA,"NR","EUPA",2,NA
65,31.49278,-93.02826,5,1,2023,91,1,1,"count",NA,"NR","DECA",0,NA
65,31.49278,-93.02826,5,1,2023,91,1,1,"count",NA,"NR","PLKI",0,NA
65,31.49278,-93.02826,5,1,2023,91,1,1,"count",NA,"NR","DCON",0,NA
65,31.49278,-93.02826,5,1,2023,91,1,1,"count",NA,"NR","PLSE",4,NA
65,31.49278,-93.02826,5,1,2023,91,1,1,"count",NA,"NR","PLAL",0,NA
65,31.49278,-93.02826,5,1,2023,91,1,1,"count",NA,"NR","DEBR",0,NA
65,31.49278,-93.02826,5,1,2023,91,1,1,"count",NA,"NR","PLMI",0,NA
65,31.49278,-93.02826,5,1,2023,91,1,1,"count",NA,"NR","PLWE",0,NA
65,31.49278,-93.02826,17,12,2024,92,1,1,"count",NA,"NR","AMAC",0,NA
65,31.49278,-93.02826,17,12,2024,92,1,1,"count",NA,"NR","AMOP",0,NA
65,31.49278,-93.02826,17,12,2024,92,1,1,"count",NA,"NR","EUPA",0,NA
65,31.49278,-93.02826,17,12,2024,92,1,1,"count",NA,"NR","DECA",0,NA
65,31.49278,-93.02826,17,12,2024,92,1,1,"count",NA,"NR","PLKI",0,NA
65,31.49278,-93.02826,17,12,2024,92,1,1,"count",NA,"NR","DCON",0,NA
65,31.49278,-93.02826,17,12,2024,92,1,1,"count",NA,"NR","PLSE",3,NA
65,31.49278,-93.02826,17,12,2024,92,1,1,"count",NA,"NR","PLAL",0,NA
65,31.49278,-93.02826,17,12,2024,92,1,1,"count",NA,"NR","DEBR",0,NA
65,31.49278,-93.02826,17,12,2024,92,1,1,"count",NA,"NR","PLMI",0,NA
65,31.49278,-93.02826,17,12,2024,92,1,1,"count",NA,"NR","PLWE",0,NA
66,31.82532,-91.75462,20,12,2022,93,1,1,"count",NA,"NR","AMAC",0,NA
66,31.82532,-91.75462,20,12,2022,93,1,1,"count",NA,"NR","AMOP",0,NA
66,31.82532,-91.75462,20,12,2022,93,1,1,"count",NA,"NR","EUPA",0,NA
66,31.82532,-91.75462,20,12,2022,93,1,1,"count",NA,"NR","DECA",0,NA
66,31.82532,-91.75462,20,12,2022,93,1,1,"count",NA,"NR","PLKI",1,NA
66,31.82532,-91.75462,20,12,2022,93,1,1,"count",NA,"NR","DCON",2,NA
66,31.82532,-91.75462,20,12,2022,93,1,1,"count",NA,"NR","PLSE",0,NA
66,31.82532,-91.75462,20,12,2022,93,1,1,"count",NA,"NR","PLAL",0,NA
66,31.82532,-91.75462,20,12,2022,93,1,1,"count",NA,"NR","DEBR",0,NA
66,31.82532,-91.75462,20,12,2022,93,1,1,"count",NA,"NR","PLMI",0,NA
66,31.82532,-91.75462,20,12,2022,93,1,1,"count",NA,"NR","PLWE",0,NA
67,31.7533433333333,-92.6078,5,12,2023,95,1,1,"count",NA,"NR","AMAC",0,NA
67,31.7533433333333,-92.6078,5,12,2023,95,1,1,"count",NA,"NR","AMOP",2,NA
67,31.7533433333333,-92.6078,5,12,2023,95,1,1,"count",NA,"NR","EUPA",0,NA
67,31.7533433333333,-92.6078,5,12,2023,95,1,1,"count",NA,"NR","DECA",0,NA
67,31.7533433333333,-92.6078,5,12,2023,95,1,1,"count",NA,"NR","PLKI",0,NA
67,31.7533433333333,-92.6078,5,12,2023,95,1,1,"count",NA,"NR","DCON",0,NA
67,31.7533433333333,-92.6078,5,12,2023,95,1,1,"count",NA,"NR","PLSE",0,NA
67,31.7533433333333,-92.6078,5,12,2023,95,1,1,"count",NA,"NR","PLAL",0,NA
67,31.7533433333333,-92.6078,5,12,2023,95,1,1,"count",NA,"NR","DEBR",0,NA
67,31.7533433333333,-92.6078,5,12,2023,95,1,1,"count",NA,"NR","PLMI",0,NA
67,31.7533433333333,-92.6078,5,12,2023,95,1,1,"count",NA,"NR","PLWE",0,NA
67,31.7533433333333,-92.6078,8,2,2024,96,1,1,"count",NA,"NR","AMAC",0,NA
67,31.7533433333333,-92.6078,8,2,2024,96,1,1,"count",NA,"NR","AMOP",0,NA
67,31.7533433333333,-92.6078,8,2,2024,96,1,1,"count",NA,"NR","EUPA",0,NA
67,31.7533433333333,-92.6078,8,2,2024,96,1,1,"count",NA,"NR","DECA",0,NA
67,31.7533433333333,-92.6078,8,2,2024,96,1,1,"count",NA,"NR","PLKI",0,NA
67,31.7533433333333,-92.6078,8,2,2024,96,1,1,"count",NA,"NR","DCON",0,NA
67,31.7533433333333,-92.6078,8,2,2024,96,1,1,"count",NA,"NR","PLSE",0,NA
67,31.7533433333333,-92.6078,8,2,2024,96,1,1,"count",NA,"NR","PLAL",0,NA
67,31.7533433333333,-92.6078,8,2,2024,96,1,1,"count",NA,"NR","DEBR",0,NA
67,31.7533433333333,-92.6078,8,2,2024,96,1,1,"count",NA,"NR","PLMI",0,NA
67,31.7533433333333,-92.6078,8,2,2024,96,1,1,"count",NA,"NR","PLWE",0,NA
67,31.7533433333333,-92.6078,21,12,2022,94,1,1,"count",NA,"NR","AMAC",0,NA
67,31.7533433333333,-92.6078,21,12,2022,94,1,1,"count",NA,"NR","AMOP",0,NA
67,31.7533433333333,-92.6078,21,12,2022,94,1,1,"count",NA,"NR","EUPA",0,NA
67,31.7533433333333,-92.6078,21,12,2022,94,1,1,"count",NA,"NR","DECA",0,NA
67,31.7533433333333,-92.6078,21,12,2022,94,1,1,"count",NA,"NR","PLKI",0,NA
67,31.7533433333333,-92.6078,21,12,2022,94,1,1,"count",NA,"NR","DCON",0,NA
67,31.7533433333333,-92.6078,21,12,2022,94,1,1,"count",NA,"NR","PLSE",0,NA
67,31.7533433333333,-92.6078,21,12,2022,94,1,1,"count",NA,"NR","PLAL",0,NA
67,31.7533433333333,-92.6078,21,12,2022,94,1,1,"count",NA,"NR","DEBR",0,NA
67,31.7533433333333,-92.6078,21,12,2022,94,1,1,"count",NA,"NR","PLMI",0,NA
67,31.7533433333333,-92.6078,21,12,2022,94,1,1,"count",NA,"NR","PLWE",0,NA
68,31.72615,-92.58593,5,12,2023,99,1,1,"count",NA,"NR","AMAC",0,NA
68,31.72615,-92.58593,5,12,2023,99,1,1,"count",NA,"NR","AMOP",0,NA
68,31.72615,-92.58593,5,12,2023,99,1,1,"count",NA,"NR","EUPA",0,NA
68,31.72615,-92.58593,5,12,2023,99,1,1,"count",NA,"NR","DECA",0,NA
68,31.72615,-92.58593,5,12,2023,99,1,1,"count",NA,"NR","PLKI",0,NA
68,31.72615,-92.58593,5,12,2023,99,1,1,"count",NA,"NR","DCON",0,NA
68,31.72615,-92.58593,5,12,2023,99,1,1,"count",NA,"NR","PLSE",0,NA
68,31.72615,-92.58593,5,12,2023,99,1,1,"count",NA,"NR","PLAL",0,NA
68,31.72615,-92.58593,5,12,2023,99,1,1,"count",NA,"NR","DEBR",0,NA
68,31.72615,-92.58593,5,12,2023,99,1,1,"count",NA,"NR","PLMI",0,NA
68,31.72615,-92.58593,5,12,2023,99,1,1,"count",NA,"NR","PLWE",0,NA
68,31.72615,-92.58593,15,11,2024,97,1,1,"count",NA,"NR","AMAC",0,NA
68,31.72615,-92.58593,15,11,2024,97,1,1,"count",NA,"NR","AMOP",0,NA
68,31.72615,-92.58593,15,11,2024,97,1,1,"count",NA,"NR","EUPA",0,NA
68,31.72615,-92.58593,15,11,2024,97,1,1,"count",NA,"NR","DECA",0,NA
68,31.72615,-92.58593,15,11,2024,97,1,1,"count",NA,"NR","PLKI",0,NA
68,31.72615,-92.58593,15,11,2024,97,1,1,"count",NA,"NR","DCON",0,NA
68,31.72615,-92.58593,15,11,2024,97,1,1,"count",NA,"NR","PLSE",0,NA
68,31.72615,-92.58593,15,11,2024,97,1,1,"count",NA,"NR","PLAL",0,NA
68,31.72615,-92.58593,15,11,2024,97,1,1,"count",NA,"NR","DEBR",0,NA
68,31.72615,-92.58593,15,11,2024,97,1,1,"count",NA,"NR","PLMI",0,NA
68,31.72615,-92.58593,15,11,2024,97,1,1,"count",NA,"NR","PLWE",0,NA
68,31.72615,-92.58593,21,12,2022,98,1,1,"count",NA,"NR","AMAC",0,NA
68,31.72615,-92.58593,21,12,2022,98,1,1,"count",NA,"NR","AMOP",0,NA
68,31.72615,-92.58593,21,12,2022,98,1,1,"count",NA,"NR","EUPA",0,NA
68,31.72615,-92.58593,21,12,2022,98,1,1,"count",NA,"NR","DECA",0,NA
68,31.72615,-92.58593,21,12,2022,98,1,1,"count",NA,"NR","PLKI",0,NA
68,31.72615,-92.58593,21,12,2022,98,1,1,"count",NA,"NR","DCON",0,NA
68,31.72615,-92.58593,21,12,2022,98,1,1,"count",NA,"NR","PLSE",0,NA
68,31.72615,-92.58593,21,12,2022,98,1,1,"count",NA,"NR","PLAL",0,NA
68,31.72615,-92.58593,21,12,2022,98,1,1,"count",NA,"NR","DEBR",0,NA
68,31.72615,-92.58593,21,12,2022,98,1,1,"count",NA,"NR","PLMI",0,NA
68,31.72615,-92.58593,21,12,2022,98,1,1,"count",NA,"NR","PLWE",0,NA
69,31.71788,-92.61132,8,2,2024,100,1,1,"count",NA,"NR","AMAC",0,NA
69,31.71788,-92.61132,8,2,2024,100,1,1,"count",NA,"NR","AMOP",0,NA
69,31.71788,-92.61132,8,2,2024,100,1,1,"count",NA,"NR","EUPA",0,NA
69,31.71788,-92.61132,8,2,2024,100,1,1,"count",NA,"NR","DECA",0,NA
69,31.71788,-92.61132,8,2,2024,100,1,1,"count",NA,"NR","PLKI",0,NA
69,31.71788,-92.61132,8,2,2024,100,1,1,"count",NA,"NR","DCON",0,NA
69,31.71788,-92.61132,8,2,2024,100,1,1,"count",NA,"NR","PLSE",0,NA
69,31.71788,-92.61132,8,2,2024,100,1,1,"count",NA,"NR","PLAL",0,NA
69,31.71788,-92.61132,8,2,2024,100,1,1,"count",NA,"NR","DEBR",0,NA
69,31.71788,-92.61132,8,2,2024,100,1,1,"count",NA,"NR","PLMI",0,NA
69,31.71788,-92.61132,8,2,2024,100,1,1,"count",NA,"NR","PLWE",0,NA
70,31.4597,-92.975474,16,2,2024,101,1,1,"count",NA,"NR","AMAC",0,NA
70,31.4597,-92.975474,16,2,2024,101,1,1,"count",NA,"NR","AMOP",0,NA
70,31.4597,-92.975474,16,2,2024,101,1,1,"count",NA,"NR","EUPA",1,NA
70,31.4597,-92.975474,16,2,2024,101,1,1,"count",NA,"NR","DECA",0,NA
70,31.4597,-92.975474,16,2,2024,101,1,1,"count",NA,"NR","PLKI",0,NA
70,31.4597,-92.975474,16,2,2024,101,1,1,"count",NA,"NR","DCON",0,NA
70,31.4597,-92.975474,16,2,2024,101,1,1,"count",NA,"NR","PLSE",0,NA
70,31.4597,-92.975474,16,2,2024,101,1,1,"count",NA,"NR","PLAL",0,NA
70,31.4597,-92.975474,16,2,2024,101,1,1,"count",NA,"NR","DEBR",0,NA
70,31.4597,-92.975474,16,2,2024,101,1,1,"count",NA,"NR","PLMI",0,NA
70,31.4597,-92.975474,16,2,2024,101,1,1,"count",NA,"NR","PLWE",0,NA
71,32.4662,-92.43475,21,12,2023,102,1,1,"count",NA,"NR","AMAC",0,NA
71,32.4662,-92.43475,21,12,2023,102,1,1,"count",NA,"NR","AMOP",0,NA
71,32.4662,-92.43475,21,12,2023,102,1,1,"count",NA,"NR","EUPA",1,NA
71,32.4662,-92.43475,21,12,2023,102,1,1,"count",NA,"NR","DECA",0,NA
71,32.4662,-92.43475,21,12,2023,102,1,1,"count",NA,"NR","PLKI",0,NA
71,32.4662,-92.43475,21,12,2023,102,1,1,"count",NA,"NR","DCON",0,NA
71,32.4662,-92.43475,21,12,2023,102,1,1,"count",NA,"NR","PLSE",0,NA
71,32.4662,-92.43475,21,12,2023,102,1,1,"count",NA,"NR","PLAL",0,NA
71,32.4662,-92.43475,21,12,2023,102,1,1,"count",NA,"NR","DEBR",0,NA
71,32.4662,-92.43475,21,12,2023,102,1,1,"count",NA,"NR","PLMI",0,NA
71,32.4662,-92.43475,21,12,2023,102,1,1,"count",NA,"NR","PLWE",0,NA
72,32.11846,-92.440126,22,12,2023,103,1,1,"count",NA,"NR","AMAC",0,NA
72,32.11846,-92.440126,22,12,2023,103,1,1,"count",NA,"NR","AMOP",0,NA
72,32.11846,-92.440126,22,12,2023,103,1,1,"count",NA,"NR","EUPA",0,NA
72,32.11846,-92.440126,22,12,2023,103,1,1,"count",NA,"NR","DECA",0,NA
72,32.11846,-92.440126,22,12,2023,103,1,1,"count",NA,"NR","PLKI",0,NA
72,32.11846,-92.440126,22,12,2023,103,1,1,"count",NA,"NR","DCON",0,NA
72,32.11846,-92.440126,22,12,2023,103,1,1,"count",NA,"NR","PLSE",0,NA
72,32.11846,-92.440126,22,12,2023,103,1,1,"count",NA,"NR","PLAL",0,NA
72,32.11846,-92.440126,22,12,2023,103,1,1,"count",NA,"NR","DEBR",0,NA
72,32.11846,-92.440126,22,12,2023,103,1,1,"count",NA,"NR","PLMI",0,NA
72,32.11846,-92.440126,22,12,2023,103,1,1,"count",NA,"NR","PLWE",0,NA
73,31.57837,-92.458455,15,3,2023,104,1,1,"count",NA,"NR","AMAC",0,NA
73,31.57837,-92.458455,15,3,2023,104,1,1,"count",NA,"NR","AMOP",0,NA
73,31.57837,-92.458455,15,3,2023,104,1,1,"count",NA,"NR","EUPA",2,NA
73,31.57837,-92.458455,15,3,2023,104,1,1,"count",NA,"NR","DECA",0,NA
73,31.57837,-92.458455,15,3,2023,104,1,1,"count",NA,"NR","PLKI",0,NA
73,31.57837,-92.458455,15,3,2023,104,1,1,"count",NA,"NR","DCON",0,NA
73,31.57837,-92.458455,15,3,2023,104,1,1,"count",NA,"NR","PLSE",0,NA
73,31.57837,-92.458455,15,3,2023,104,1,1,"count",NA,"NR","PLAL",0,NA
73,31.57837,-92.458455,15,3,2023,104,1,1,"count",NA,"NR","DEBR",0,NA
73,31.57837,-92.458455,15,3,2023,104,1,1,"count",NA,"NR","PLMI",0,NA
73,31.57837,-92.458455,15,3,2023,104,1,1,"count",NA,"NR","PLWE",0,NA
73,31.57837,-92.458455,20,4,2022,105,1,1,"count",NA,"NR","AMAC",0,NA
73,31.57837,-92.458455,20,4,2022,105,1,1,"count",NA,"NR","AMOP",1,NA
73,31.57837,-92.458455,20,4,2022,105,1,1,"count",NA,"NR","EUPA",4,NA
73,31.57837,-92.458455,20,4,2022,105,1,1,"count",NA,"NR","DECA",0,NA
73,31.57837,-92.458455,20,4,2022,105,1,1,"count",NA,"NR","PLKI",0,NA
73,31.57837,-92.458455,20,4,2022,105,1,1,"count",NA,"NR","DCON",0,NA
73,31.57837,-92.458455,20,4,2022,105,1,1,"count",NA,"NR","PLSE",0,NA
73,31.57837,-92.458455,20,4,2022,105,1,1,"count",NA,"NR","PLAL",0,NA
73,31.57837,-92.458455,20,4,2022,105,1,1,"count",NA,"NR","DEBR",0,NA
73,31.57837,-92.458455,20,4,2022,105,1,1,"count",NA,"NR","PLMI",0,NA
73,31.57837,-92.458455,20,4,2022,105,1,1,"count",NA,"NR","PLWE",0,NA
74,32.12977,-92.98442,12,12,2023,106,1,1,"count",NA,"NR","AMAC",1,NA
74,32.12977,-92.98442,12,12,2023,106,1,1,"count",NA,"NR","AMOP",0,NA
74,32.12977,-92.98442,12,12,2023,106,1,1,"count",NA,"NR","EUPA",1,NA
74,32.12977,-92.98442,12,12,2023,106,1,1,"count",NA,"NR","DECA",0,NA
74,32.12977,-92.98442,12,12,2023,106,1,1,"count",NA,"NR","PLKI",0,NA
74,32.12977,-92.98442,12,12,2023,106,1,1,"count",NA,"NR","DCON",1,NA
74,32.12977,-92.98442,12,12,2023,106,1,1,"count",NA,"NR","PLSE",0,NA
74,32.12977,-92.98442,12,12,2023,106,1,1,"count",NA,"NR","PLAL",0,NA
74,32.12977,-92.98442,12,12,2023,106,1,1,"count",NA,"NR","DEBR",0,NA
74,32.12977,-92.98442,12,12,2023,106,1,1,"count",NA,"NR","PLMI",0,NA
74,32.12977,-92.98442,12,12,2023,106,1,1,"count",NA,"NR","PLWE",0,NA
75,31.81724,-91.761405,20,12,2022,107,1,1,"count",NA,"NR","AMAC",2,NA
75,31.81724,-91.761405,20,12,2022,107,1,1,"count",NA,"NR","AMOP",0,NA
75,31.81724,-91.761405,20,12,2022,107,1,1,"count",NA,"NR","EUPA",0,NA
75,31.81724,-91.761405,20,12,2022,107,1,1,"count",NA,"NR","DECA",0,NA
75,31.81724,-91.761405,20,12,2022,107,1,1,"count",NA,"NR","PLKI",1,NA
75,31.81724,-91.761405,20,12,2022,107,1,1,"count",NA,"NR","DCON",0,NA
75,31.81724,-91.761405,20,12,2022,107,1,1,"count",NA,"NR","PLSE",1,NA
75,31.81724,-91.761405,20,12,2022,107,1,1,"count",NA,"NR","PLAL",0,NA
75,31.81724,-91.761405,20,12,2022,107,1,1,"count",NA,"NR","DEBR",0,NA
75,31.81724,-91.761405,20,12,2022,107,1,1,"count",NA,"NR","PLMI",0,NA
75,31.81724,-91.761405,20,12,2022,107,1,1,"count",NA,"NR","PLWE",0,NA
76,30.94674,-91.49932,19,12,2023,108,1,1,"count",NA,"NR","AMAC",0,NA
76,30.94674,-91.49932,19,12,2023,108,1,1,"count",NA,"NR","AMOP",0,NA
76,30.94674,-91.49932,19,12,2023,108,1,1,"count",NA,"NR","EUPA",0,NA
76,30.94674,-91.49932,19,12,2023,108,1,1,"count",NA,"NR","DECA",0,NA
76,30.94674,-91.49932,19,12,2023,108,1,1,"count",NA,"NR","PLKI",0,NA
76,30.94674,-91.49932,19,12,2023,108,1,1,"count",NA,"NR","DCON",0,NA
76,30.94674,-91.49932,19,12,2023,108,1,1,"count",NA,"NR","PLSE",0,NA
76,30.94674,-91.49932,19,12,2023,108,1,1,"count",NA,"NR","PLAL",0,NA
76,30.94674,-91.49932,19,12,2023,108,1,1,"count",NA,"NR","DEBR",0,NA
76,30.94674,-91.49932,19,12,2023,108,1,1,"count",NA,"NR","PLMI",1,NA
76,30.94674,-91.49932,19,12,2023,108,1,1,"count",NA,"NR","PLWE",4,NA
77,32.89589,-92.93415,10,2,2023,109,1,1,"count",NA,"NR","AMAC",0,NA
77,32.89589,-92.93415,10,2,2023,109,1,1,"count",NA,"NR","AMOP",1,NA
77,32.89589,-92.93415,10,2,2023,109,1,1,"count",NA,"NR","EUPA",0,NA
77,32.89589,-92.93415,10,2,2023,109,1,1,"count",NA,"NR","DECA",0,NA
77,32.89589,-92.93415,10,2,2023,109,1,1,"count",NA,"NR","PLKI",0,NA
77,32.89589,-92.93415,10,2,2023,109,1,1,"count",NA,"NR","DCON",0,NA
77,32.89589,-92.93415,10,2,2023,109,1,1,"count",NA,"NR","PLSE",0,NA
77,32.89589,-92.93415,10,2,2023,109,1,1,"count",NA,"NR","PLAL",0,NA
77,32.89589,-92.93415,10,2,2023,109,1,1,"count",NA,"NR","DEBR",0,NA
77,32.89589,-92.93415,10,2,2023,109,1,1,"count",NA,"NR","PLMI",0,NA
77,32.89589,-92.93415,10,2,2023,109,1,1,"count",NA,"NR","PLWE",0,NA
78,33.78327,-92.06442,7,2,2023,110,1,1,"count",NA,"NR","AMAC",0,NA
78,33.78327,-92.06442,7,2,2023,110,1,1,"count",NA,"NR","AMOP",0,NA
78,33.78327,-92.06442,7,2,2023,110,1,1,"count",NA,"NR","EUPA",0,NA
78,33.78327,-92.06442,7,2,2023,110,1,1,"count",NA,"NR","DECA",0,NA
78,33.78327,-92.06442,7,2,2023,110,1,1,"count",NA,"NR","PLKI",0,NA
78,33.78327,-92.06442,7,2,2023,110,1,1,"count",NA,"NR","DCON",0,NA
78,33.78327,-92.06442,7,2,2023,110,1,1,"count",NA,"NR","PLSE",0,NA
78,33.78327,-92.06442,7,2,2023,110,1,1,"count",NA,"NR","PLAL",0,NA
78,33.78327,-92.06442,7,2,2023,110,1,1,"count",NA,"NR","DEBR",0,NA
78,33.78327,-92.06442,7,2,2023,110,1,1,"count",NA,"NR","PLMI",0,NA
78,33.78327,-92.06442,7,2,2023,110,1,1,"count",NA,"NR","PLWE",0,NA
79,33.7846,-92.06562,7,2,2023,111,1,1,"count",NA,"NR","AMAC",0,NA
79,33.7846,-92.06562,7,2,2023,111,1,1,"count",NA,"NR","AMOP",0,NA
79,33.7846,-92.06562,7,2,2023,111,1,1,"count",NA,"NR","EUPA",0,NA
79,33.7846,-92.06562,7,2,2023,111,1,1,"count",NA,"NR","DECA",0,NA
79,33.7846,-92.06562,7,2,2023,111,1,1,"count",NA,"NR","PLKI",0,NA
79,33.7846,-92.06562,7,2,2023,111,1,1,"count",NA,"NR","DCON",0,NA
79,33.7846,-92.06562,7,2,2023,111,1,1,"count",NA,"NR","PLSE",0,NA
79,33.7846,-92.06562,7,2,2023,111,1,1,"count",NA,"NR","PLAL",0,NA
79,33.7846,-92.06562,7,2,2023,111,1,1,"count",NA,"NR","DEBR",0,NA
79,33.7846,-92.06562,7,2,2023,111,1,1,"count",NA,"NR","PLMI",0,NA
79,33.7846,-92.06562,7,2,2023,111,1,1,"count",NA,"NR","PLWE",0,NA
80,33.13772,-92.26951,9,2,2023,112,1,1,"count",NA,"NR","AMAC",0,NA
80,33.13772,-92.26951,9,2,2023,112,1,1,"count",NA,"NR","AMOP",0,NA
80,33.13772,-92.26951,9,2,2023,112,1,1,"count",NA,"NR","EUPA",0,NA
80,33.13772,-92.26951,9,2,2023,112,1,1,"count",NA,"NR","DECA",0,NA
80,33.13772,-92.26951,9,2,2023,112,1,1,"count",NA,"NR","PLKI",0,NA
80,33.13772,-92.26951,9,2,2023,112,1,1,"count",NA,"NR","DCON",0,NA
80,33.13772,-92.26951,9,2,2023,112,1,1,"count",NA,"NR","PLSE",0,NA
80,33.13772,-92.26951,9,2,2023,112,1,1,"count",NA,"NR","PLAL",0,NA
80,33.13772,-92.26951,9,2,2023,112,1,1,"count",NA,"NR","DEBR",0,NA
80,33.13772,-92.26951,9,2,2023,112,1,1,"count",NA,"NR","PLMI",0,NA
80,33.13772,-92.26951,9,2,2023,112,1,1,"count",NA,"NR","PLWE",0,NA
81,33.70233,-92.13519,7,2,2023,113,1,1,"count",NA,"NR","AMAC",0,NA
81,33.70233,-92.13519,7,2,2023,113,1,1,"count",NA,"NR","AMOP",0,NA
81,33.70233,-92.13519,7,2,2023,113,1,1,"count",NA,"NR","EUPA",0,NA
81,33.70233,-92.13519,7,2,2023,113,1,1,"count",NA,"NR","DECA",0,NA
81,33.70233,-92.13519,7,2,2023,113,1,1,"count",NA,"NR","PLKI",0,NA
81,33.70233,-92.13519,7,2,2023,113,1,1,"count",NA,"NR","DCON",0,NA
81,33.70233,-92.13519,7,2,2023,113,1,1,"count",NA,"NR","PLSE",0,NA
81,33.70233,-92.13519,7,2,2023,113,1,1,"count",NA,"NR","PLAL",0,NA
81,33.70233,-92.13519,7,2,2023,113,1,1,"count",NA,"NR","DEBR",0,NA
81,33.70233,-92.13519,7,2,2023,113,1,1,"count",NA,"NR","PLMI",0,NA
81,33.70233,-92.13519,7,2,2023,113,1,1,"count",NA,"NR","PLWE",0,NA
82,33.68829,-93.11428,9,2,2023,114,1,1,"count",NA,"NR","AMAC",0,NA
82,33.68829,-93.11428,9,2,2023,114,1,1,"count",NA,"NR","AMOP",0,NA
82,33.68829,-93.11428,9,2,2023,114,1,1,"count",NA,"NR","EUPA",1,NA
82,33.68829,-93.11428,9,2,2023,114,1,1,"count",NA,"NR","DECA",0,NA
82,33.68829,-93.11428,9,2,2023,114,1,1,"count",NA,"NR","PLKI",0,NA
82,33.68829,-93.11428,9,2,2023,114,1,1,"count",NA,"NR","DCON",0,NA
82,33.68829,-93.11428,9,2,2023,114,1,1,"count",NA,"NR","PLSE",0,NA
82,33.68829,-93.11428,9,2,2023,114,1,1,"count",NA,"NR","PLAL",0,NA
82,33.68829,-93.11428,9,2,2023,114,1,1,"count",NA,"NR","DEBR",0,NA
82,33.68829,-93.11428,9,2,2023,114,1,1,"count",NA,"NR","PLMI",0,NA
82,33.68829,-93.11428,9,2,2023,114,1,1,"count",NA,"NR","PLWE",0,NA
